"last_name, first_name",player_id,year,player_age,p_game,p_formatted_ip,pa,ab,hit,single,double,triple,home_run,strikeout,walk,k_percent,bb_percent,batting_avg,slg_percent,on_base_percent,on_base_plus_slg,isolated_power,babip,p_earned_run,p_run,p_save,p_blown_save,p_out,p_win,p_loss,p_wild_pitch,p_balk,p_shutout,p_era,p_opp_batting_avg,p_opp_on_base_avg,p_total_stolen_base,p_quality_start,p_run_support,xba,xslg,woba,xwoba,xobp,xiso,avg_swing_speed,fast_swing_rate,blasts_contact,blasts_swing,squared_up_contact,squared_up_swing,avg_swing_length,swords,attack_angle,attack_direction,ideal_angle_rate,vertical_swing_path,exit_velocity_avg,launch_angle_avg,sweet_spot_percent,barrel_batted_rate,hard_hit_percent,avg_best_speed,avg_hyper_speed,whiff_percent,swing_percent
"Weems, Jordan",607179,2021,28,7,5.2,30,23,6,2,1,1,2,7,6,23.3,20.0,0.261,0.652,0.433,1.085,0.391,0.286,10,10,0,1,17,0,1,1,0,0,15.88,,,0,0,1,0.294,0.641,0.44,0.451,0.459,0.347,,,,,,,,,,,,,95.2,13.0,56.3,18.8,62.5,85.46646125,97.930929375,24.6,45.5
"Bumgarner, Madison",518516,2021,31,26,146.1,613,553,134,75,33,2,24,124,39,20.2,6.4,0.242,0.439,0.302,0.741,0.197,0.267,76,82,0,0,439,7,10,2,1,1,4.67,,,11,10,75,0.241,0.437,0.315,0.319,0.303,0.196,,,,,,,,,,,,,88.8,18.5,38.0,7.5,38.5,78.472563241,93.804930325,21.7,49.0
"Peacock, Matt",676840,2021,27,35,86.1,386,352,107,69,22,3,13,50,28,13.0,7.3,0.304,0.494,0.354,0.848,0.19,0.322,47,55,0,0,259,5,7,2,1,0,4.9,,,1,1,51,0.264,0.414,0.357,0.317,0.319,0.151,,,,,,,,,,,,,90.2,2.7,25.1,6.2,45.9,79.562991457,94.835241026,18.0,46.6
"Gallen, Zac",668678,2021,25,23,121.1,523,463,108,65,22,2,19,139,49,26.6,9.4,0.233,0.413,0.312,0.725,0.18,0.289,58,61,0,0,364,4,10,6,0,1,4.3,,,1,8,63,0.227,0.387,0.313,0.307,0.307,0.16,,,,,,,,,,,,,89.2,12.3,32.7,7.9,43.0,78.810645679,94.106073611,23.6,44.3
"Mejía, Humberto",650668,2021,24,5,22.1,105,94,32,11,13,3,5,20,9,19.0,8.6,0.34,0.702,0.394,1.096,0.362,0.386,18,19,0,0,67,0,3,0,0,0,7.25,,,1,0,8,0.295,0.498,0.447,0.36,0.354,0.203,,,,,,,,,,,,,90.0,17.1,42.1,7.9,34.2,81.142165263,93.624494267,21.6,50.6
"Clippard, Tyler",461325,2021,36,26,25.1,111,95,22,13,5,1,3,21,11,18.9,9.9,0.232,0.4,0.327,0.727,0.168,0.264,9,12,6,3,76,1,1,1,0,0,3.2,,,3,0,1,0.252,0.502,0.315,0.359,0.345,0.25,,,,,,,,,,,,,88.1,23.5,36.8,11.8,38.2,77.317284865,93.459086622,24.3,46.1
"Mantiply, Joe",573009,2021,30,57,39.2,177,154,45,28,11,5,1,38,17,21.5,9.6,0.292,0.448,0.358,0.806,0.156,0.37,15,24,0,2,119,0,3,2,0,0,3.4,,,1,0,17,0.245,0.38,0.338,0.305,0.322,0.134,,,,,,,,,,,,,86.6,7.7,35.5,5.8,36.4,73.627826552,93.985117739,27.9,48.5
"Ginkel, Kevin",656464,2021,27,32,28.1,129,112,30,14,8,1,7,31,14,24.0,10.9,0.268,0.545,0.359,0.904,0.277,0.311,20,24,0,1,85,0,1,3,0,0,6.35,,,0,0,6,0.24,0.456,0.383,0.346,0.335,0.215,,,,,,,,,,,,,86.4,15.7,41.5,13.4,36.6,74.949648049,93.166717407,25.3,45.5
"Soria, Joakim",465657,2021,37,41,37.1,159,145,39,21,11,1,6,40,12,25.2,7.5,0.269,0.483,0.327,0.81,0.214,0.33,21,21,6,3,112,1,4,2,1,0,5.06,,,1,0,6,0.24,0.396,0.344,0.304,0.3,0.157,,,,,,,,,,,,,88.3,18.2,34.9,7.5,38.7,77.115081509,94.020911524,26.0,51.4
"Devenski, Chris",606965,2021,30,8,7.1,35,32,11,7,2,0,2,5,2,14.3,5.7,0.344,0.594,0.4,0.994,0.25,0.36,7,7,1,2,22,1,0,0,0,0,8.59,,,5,0,11,0.356,0.741,0.422,0.478,0.411,0.386,,,,,,,,,,,,,89.7,15.1,51.9,18.5,37.0,79.942047143,94.06894963,25.8,45.5
"Sittinger, Brandyn",670087,2021,27,5,4.2,21,17,5,1,1,0,3,1,2,4.8,9.5,0.294,0.882,0.381,1.263,0.588,0.143,4,4,0,2,14,0,1,0,0,0,7.71,,,0,0,0,0.408,0.993,0.488,0.571,0.474,0.584,,,,,,,,,,,,,95.3,23.4,41.2,23.5,70.6,87.52201,98.373785294,13.3,56.3
"Widener, Taylor",642203,2021,26,23,70.1,319,270,65,35,16,0,14,73,37,22.9,11.6,0.241,0.456,0.345,0.801,0.215,0.276,34,38,0,0,211,2,1,1,0,0,4.35,,,3,2,24,0.244,0.484,0.343,0.357,0.349,0.239,,,,,,,,,,,,,89.9,17.8,38.6,9.4,45.0,79.109896061,94.754123249,23.4,45.9
"Young, Alex",622065,2021,27,40,52.0,246,212,65,42,9,2,12,43,27,17.5,11.0,0.307,0.538,0.389,0.927,0.231,0.333,38,43,0,2,156,2,6,3,0,0,6.58,,,0,0,26,0.28,0.481,0.389,0.364,0.369,0.202,,,,,,,,,,,,,90.2,9.9,38.2,9.2,39.9,80.451757093,94.314705322,27.1,49.0
"Aguilar, Miguel",620396,2021,29,9,7.0,29,24,6,4,2,0,0,3,4,10.3,13.8,0.25,0.333,0.357,0.69,0.083,0.286,5,6,0,0,21,1,1,0,0,0,6.43,,,0,0,3,0.215,0.31,0.299,0.279,0.327,0.095,,,,,,,,,,,,,84.5,12.4,40.9,0.0,27.3,73.208440909,92.271198571,15.4,50.0
"Faria, Jake",607188,2021,27,23,32.2,154,137,39,24,7,3,5,32,13,20.8,8.4,0.285,0.489,0.353,0.842,0.204,0.337,20,21,0,0,98,0,0,3,1,0,5.51,,,2,0,18,0.228,0.429,0.359,0.317,0.303,0.201,,,,,,,,,,,,,90.1,14.8,34.6,9.3,40.2,81.248735769,93.781802692,23.2,42.6
"Clarke, Taylor",664199,2021,28,43,43.1,194,179,52,34,14,0,4,39,14,20.1,7.2,0.291,0.436,0.34,0.776,0.145,0.35,24,28,0,1,130,1,3,2,0,0,4.98,,,2,0,12,0.258,0.443,0.331,0.322,0.311,0.185,,,,,,,,,,,,,91.9,15.8,35.5,7.8,43.3,82.505932714,95.059401511,22.7,51.3
"Duplantier, Jon",641541,2021,26,4,13.0,70,59,19,11,3,0,5,12,8,17.1,11.4,0.322,0.627,0.42,1.047,0.305,0.333,19,19,0,0,39,0,3,0,0,0,13.15,,,0,0,4,0.269,0.531,0.441,0.389,0.375,0.262,,,,,,,,,,,,,90.2,7.8,33.3,14.6,39.6,80.2921325,94.516511489,20.8,44.4
"Ramirez, Noé",598287,2021,31,38,36.0,147,129,23,15,5,0,3,29,12,19.7,8.2,0.178,0.287,0.26,0.547,0.109,0.202,12,14,1,2,108,0,2,2,0,0,3.0,,,6,0,10,0.19,0.309,0.246,0.265,0.275,0.119,,,,,,,,,,,,,88.4,24.9,31.1,4.9,28.2,79.775197843,92.683077426,24.3,46.3
"Frankoff, Seth",571676,2021,32,4,14.2,74,60,20,13,3,0,4,11,9,14.9,12.2,0.333,0.583,0.437,1.02,0.25,0.356,15,15,0,0,44,0,2,3,0,0,9.2,,,1,0,8,0.251,0.496,0.434,0.375,0.367,0.245,,,,,,,,,,,,,85.2,9.9,26.9,7.7,36.5,71.2525748,93.772037143,17.9,47.3
"Weaver, Luke",596133,2021,27,13,65.2,275,249,58,27,14,6,11,62,20,22.5,7.3,0.233,0.47,0.292,0.762,0.237,0.266,31,34,0,0,197,3,6,0,0,0,4.25,,,5,4,31,0.247,0.455,0.317,0.326,0.307,0.207,,,,,,,,,,,,,90.1,14.5,36.1,9.4,41.4,79.950894149,94.551155266,23.7,51.3
"Smith, Caleb",592761,2021,29,45,113.2,500,429,93,54,19,0,20,124,63,24.8,12.6,0.217,0.401,0.325,0.726,0.184,0.256,61,64,0,2,341,4,9,2,0,0,4.83,,,6,3,55,0.211,0.385,0.317,0.312,0.32,0.174,,,,,,,,,,,,,86.8,23.7,36.3,8.5,29.1,76.071030066,92.770687417,27.5,46.2
"Poppen, Sean",664092,2021,27,24,22.2,110,98,31,23,3,3,2,26,9,23.6,8.2,0.316,0.469,0.391,0.86,0.153,0.414,13,18,1,0,68,1,1,2,0,0,5.16,,,0,0,17,0.277,0.444,0.367,0.346,0.356,0.167,,,,,,,,,,,,,89.6,7.2,38.9,6.9,48.6,77.4584925,95.113280833,25.9,40.9
"Martin, Corbin",656686,2021,25,5,16.0,86,68,23,12,5,1,5,13,14,15.1,16.3,0.338,0.662,0.452,1.114,0.324,0.353,19,19,0,0,48,0,3,0,0,0,10.69,,,0,0,3,0.311,0.644,0.461,0.449,0.432,0.333,,,,,,,,,,,,,93.8,16.5,39.7,13.8,51.7,85.052222143,96.217830182,19.4,45.3
"Wendelken, J.B.",605525,2021,28,46,43.2,194,172,44,32,8,0,4,39,22,20.1,11.3,0.256,0.372,0.34,0.712,0.116,0.31,21,24,2,1,131,4,3,4,0,0,4.33,,,1,0,23,0.26,0.42,0.31,0.331,0.345,0.16,,,,,,,,,,,,,87.9,11.9,30.8,6.8,34.6,76.414271212,93.861693435,23.7,47.4
"Swarzak, Anthony",461872,2021,35,13,12.1,56,54,20,11,4,1,4,9,1,16.1,1.8,0.37,0.704,0.393,1.097,0.334,0.39,13,13,0,0,37,0,1,0,1,0,9.49,,,0,0,7,0.317,0.621,0.458,0.406,0.342,0.304,,,,,,,,,,,,,91.0,16.2,51.1,13.3,42.2,80.785397273,94.733356364,16.3,49.2
"Crichton, Stefan",592233,2021,29,31,23.1,117,99,33,23,7,0,3,17,12,14.5,10.3,0.333,0.495,0.419,0.914,0.162,0.37,19,22,4,0,70,0,4,3,1,0,7.33,,,2,0,2,0.256,0.395,0.386,0.349,0.366,0.139,,,,,,,,,,,,,90.5,15.1,22.6,6.0,45.2,79.678272619,95.156454643,15.4,43.4
"Frías, Luis",666818,2021,23,3,3.1,16,10,2,1,1,0,0,3,5,18.8,31.3,0.2,0.3,0.438,0.738,0.1,0.25,1,1,0,0,10,0,0,0,0,0,2.7,,,0,0,0,0.23,0.359,0.349,0.383,0.464,0.129,,,,,,,,,,,,,91.0,6.6,37.5,0.0,50.0,79.4852275,95.89987375,22.2,39.7
"López, Yoan",661255,2021,28,13,12.1,61,54,18,10,4,1,3,13,6,21.3,9.8,0.333,0.611,0.393,1.004,0.278,0.385,9,10,0,3,37,0,0,0,0,0,6.57,,,2,0,7,0.296,0.533,0.409,0.383,0.369,0.238,,,,,,,,,,,,,91.7,10.5,35.7,14.3,38.1,84.030573333,94.228523333,28.3,46.0
"Kelly, Merrill",518876,2021,32,27,158.0,667,612,163,107,31,4,21,130,41,19.5,6.1,0.266,0.433,0.315,0.748,0.167,0.305,78,82,0,0,474,7,11,2,0,0,4.44,,,9,10,83,0.266,0.436,0.319,0.324,0.315,0.17,,,,,,,,,,,,,89.0,12.9,33.1,6.3,39.6,78.355076255,94.143832227,20.6,49.2
"Smith, Riley",642092,2021,26,24,67.1,301,279,86,48,26,2,10,36,15,12.0,5.0,0.308,0.523,0.35,0.873,0.215,0.323,45,46,1,0,202,1,4,0,0,0,6.01,,,2,1,25,0.281,0.483,0.368,0.347,0.326,0.202,,,,,,,,,,,,,89.3,10.0,38.6,7.3,41.1,78.290251488,94.443854008,13.8,47.3
"Gilbert, Tyler",656457,2021,27,9,40.0,157,140,28,17,6,1,4,25,13,15.9,8.3,0.2,0.343,0.269,0.612,0.143,0.212,14,17,0,0,120,2,2,0,0,1,3.15,,,2,2,21,0.227,0.405,0.267,0.309,0.297,0.178,,,,,,,,,,,,,88.9,17.4,25.4,6.8,33.9,79.19509,93.363837857,16.8,52.7
"Mella, Keury",622492,2021,27,2,1.2,15,13,8,5,1,0,2,2,2,13.3,13.3,0.615,1.154,0.667,1.821,0.539,0.667,6,6,0,0,5,0,0,0,0,0,32.4,,,0,0,1,0.391,0.706,0.736,0.494,0.472,0.316,,,,,,,,,,,,,91.2,21.4,63.6,18.2,36.4,84.733898333,93.398940909,18.2,44.0
"Castellanos, Humberto",528748,2021,23,14,45.2,196,173,48,31,9,1,7,29,15,14.8,7.7,0.277,0.462,0.342,0.804,0.185,0.299,25,26,0,1,137,2,2,0,0,0,4.93,,,1,0,31,0.238,0.416,0.347,0.317,0.307,0.178,,,,,,,,,,,,,87.9,13.2,29.5,7.4,34.2,76.693579167,93.657754931,15.1,44.6
"Buchter, Ryan",488748,2021,34,18,16.1,78,62,16,6,5,0,5,16,13,20.5,16.7,0.258,0.581,0.397,0.978,0.323,0.262,12,13,0,1,49,0,2,0,1,0,6.61,,,1,0,19,0.233,0.536,0.406,0.395,0.383,0.302,,,,,,,,,,,,,90.9,22.8,31.9,14.9,46.8,81.149480833,94.985720426,22.7,43.5
"Poppen, Sean",664092,2022,28,29,28.2,120,102,27,15,6,1,5,22,12,18.3,10.0,0.265,0.49,0.336,0.826,0.225,0.278,14,15,0,1,86,2,2,2,0,0,4.4,,,1,0,13,0.219,0.373,0.342,0.295,0.305,0.154,,,,,,,,,,,,,89.1,16.6,35.3,7.1,36.5,79.430733659,93.5045,16.0,42.8
"Castellanos, Humberto",528748,2022,24,11,44.1,194,173,50,32,10,1,7,32,12,16.5,6.2,0.289,0.48,0.342,0.822,0.191,0.312,28,29,0,0,133,3,2,2,0,0,5.68,,,1,0,25,0.276,0.474,0.353,0.35,0.335,0.197,,,,,,,,,,,,,89.6,16.5,39.3,6.9,37.9,79.704988333,93.986997569,17.8,46.7
"Ramirez, Noé",598287,2022,32,55,50.0,215,184,45,26,9,1,9,51,26,23.7,12.1,0.245,0.451,0.346,0.797,0.206,0.288,29,32,0,4,150,5,4,2,0,0,5.22,,,6,0,26,0.218,0.41,0.346,0.32,0.324,0.192,,,,,,,,,,,,,87.8,14.8,34.1,8.9,37.0,76.525013485,93.593493969,27.6,46.8
"Fry, Paul",643316,2022,29,13,13.0,61,48,11,8,1,1,1,14,9,23.0,14.8,0.229,0.354,0.367,0.721,0.125,0.294,9,10,0,0,39,0,0,2,0,0,6.23,,,1,0,4,0.253,0.373,0.327,0.346,0.388,0.12,,,,,,,,,,,,,94.6,-1.6,31.4,2.9,51.4,85.323633333,97.026545143,27.6,42.2
"Gallen, Zac",668678,2022,26,31,184.0,714,651,121,73,32,1,15,192,47,26.9,6.6,0.186,0.307,0.252,0.559,0.121,0.237,52,56,0,0,552,12,4,5,0,0,2.54,,,6,19,93,0.211,0.348,0.25,0.279,0.277,0.137,,,,,,,,,,,,,87.8,10.8,33.0,7.8,36.1,76.866627074,93.452634902,23.0,47.4
"Smith, Caleb",592761,2022,30,44,70.0,302,261,57,31,11,1,14,65,39,21.5,12.9,0.218,0.429,0.322,0.751,0.211,0.236,32,35,0,0,210,1,3,1,0,0,4.11,,,1,0,25,0.21,0.38,0.329,0.308,0.315,0.17,,,,,,,,,,,,,86.0,24.1,29.9,6.6,29.9,74.346808557,92.812480361,28.8,48.7
"Holton, Tyler",663947,2022,26,10,9.0,39,36,8,6,1,0,1,6,2,15.4,5.1,0.222,0.333,0.282,0.615,0.111,0.241,3,3,0,0,27,0,0,1,0,0,3.0,,,0,0,5,0.236,0.392,0.275,0.302,0.295,0.156,,,,,,,,,,,,,86.6,21.5,43.3,3.3,36.7,74.191236,93.508281333,29.6,50.9
"Gilbert, Tyler",656457,2022,28,8,34.1,146,132,33,20,5,0,8,20,10,13.7,6.8,0.25,0.47,0.306,0.776,0.22,0.238,20,21,0,0,103,0,3,0,0,0,5.24,,,1,0,12,0.299,0.588,0.332,0.397,0.352,0.289,,,,,,,,,,,,,88.9,19.1,41.2,11.4,42.1,78.201279649,94.20946115,19.6,48.8
"Frías, Luis",666818,2022,24,15,17.0,90,72,23,16,5,1,1,14,17,15.6,18.9,0.319,0.458,0.456,0.914,0.139,0.386,20,20,0,0,51,1,1,4,1,0,10.59,,,0,0,18,0.258,0.397,0.406,0.362,0.406,0.139,,,,,,,,,,,,,91.6,14.3,31.0,5.2,44.8,81.989649655,94.794164828,23.6,45.2
"Kelly, Merrill",518876,2022,33,33,200.1,804,739,167,104,40,2,21,177,61,22.0,7.6,0.226,0.371,0.286,0.657,0.145,0.269,75,77,0,0,601,13,8,4,1,0,3.37,,,15,18,113,0.229,0.397,0.289,0.299,0.29,0.168,,,,,,,,,,,,,88.5,14.0,31.2,8.3,36.5,77.983406942,93.653412973,23.6,48.5
"Davies, Zach",605200,2022,29,27,134.1,570,507,122,79,20,2,21,102,52,17.9,9.1,0.241,0.412,0.309,0.721,0.171,0.258,61,66,0,0,403,2,5,1,0,0,4.09,,,7,4,46,0.25,0.444,0.315,0.333,0.321,0.194,,,,,,,,,,,,,87.4,13.0,31.6,8.0,34.5,75.6872467,93.596934025,21.5,42.2
"Moronta, Reyes",606625,2022,29,39,37.2,161,140,30,19,5,1,5,38,18,23.6,11.2,0.214,0.371,0.311,0.682,0.157,0.255,18,20,2,2,113,2,2,8,0,0,4.3,,,3,0,16,0.19,0.337,0.301,0.283,0.294,0.147,,,,,,,,,,,,,86.4,23.4,33.0,6.8,35.0,74.2159484,93.3748374,27.1,44.9
"Jameson, Drey",686753,2022,24,4,24.1,98,90,20,14,4,0,2,24,7,24.5,7.1,0.222,0.333,0.286,0.619,0.111,0.281,4,4,0,0,73,3,0,1,0,0,1.48,,,2,3,16,0.265,0.43,0.277,0.331,0.325,0.165,,,,,,,,,,,,,88.9,3.2,30.3,7.6,48.5,77.616328182,94.419639394,26.7,48.8
"Uceta, Edwin",670955,2022,24,10,17.0,73,65,14,8,4,0,2,13,7,17.8,9.6,0.215,0.369,0.301,0.67,0.154,0.24,11,12,0,0,51,0,0,1,0,0,5.82,,,0,0,10,0.226,0.349,0.299,0.296,0.311,0.123,,,,,,,,,,,,,86.9,13.8,21.2,5.8,38.5,75.757330385,93.056290192,24.8,45.5
"Nelson, Ryne",669194,2022,24,3,18.1,69,62,9,4,2,1,2,16,6,23.2,8.7,0.145,0.306,0.217,0.523,0.161,0.156,3,4,0,0,55,1,1,0,0,0,1.47,,,0,2,4,0.177,0.314,0.224,0.241,0.246,0.137,,,,,,,,,,,,,89.6,25.8,27.7,6.4,36.2,80.680324167,93.690793404,23.6,43.5
"Nelson, Kyle",669459,2022,25,43,37.0,151,134,26,14,11,0,1,30,14,19.9,9.3,0.194,0.299,0.285,0.584,0.105,0.243,9,10,0,0,111,2,1,1,0,0,2.19,,,1,0,14,0.234,0.386,0.266,0.313,0.32,0.152,,,,,,,,,,,,,88.5,13.7,31.7,7.7,38.5,78.393184118,93.578171287,26.6,48.2
"Middleton, Keynan",641871,2022,28,18,17.0,69,64,16,7,4,0,5,15,3,21.7,4.3,0.25,0.547,0.294,0.841,0.297,0.25,10,13,0,2,51,1,2,1,0,0,5.29,,,3,0,21,0.276,0.531,0.359,0.363,0.319,0.255,,,,,,,,,,,,,87.6,20.3,44.0,12.0,38.0,75.824922,93.852013878,36.6,54.4
"Peacock, Matt",676840,2022,28,9,10.0,46,42,12,10,1,0,1,6,4,13.0,8.7,0.286,0.381,0.348,0.729,0.095,0.314,6,6,0,0,30,0,0,1,0,0,5.4,,,0,0,3,0.257,0.387,0.324,0.314,0.323,0.13,,,,,,,,,,,,,87.9,2.0,30.6,5.6,36.1,77.421604444,93.367112,22.1,51.7
"Kennedy, Ian",453178,2022,37,57,50.1,232,205,57,34,11,1,11,44,22,19.0,9.5,0.278,0.502,0.346,0.848,0.224,0.301,30,33,10,6,151,4,7,3,0,0,5.36,,,4,0,17,0.282,0.528,0.36,0.374,0.355,0.245,,,,,,,,,,,,,92.2,21.5,44.5,12.2,45.1,83.392708902,95.161732147,19.4,50.1
"Bumgarner, Madison",518516,2022,32,30,158.2,698,637,179,101,50,3,25,112,49,16.0,7.0,0.281,0.487,0.34,0.827,0.206,0.307,86,97,0,0,476,7,15,2,0,0,4.88,,,15,6,69,0.276,0.512,0.357,0.365,0.337,0.236,,,,,,,,,,,,,90.3,16.8,37.7,9.8,43.2,79.789796,94.764788192,18.2,48.4
"Melancon, Mark",453343,2022,37,62,56.0,247,224,63,48,10,0,5,35,21,14.2,8.5,0.281,0.393,0.346,0.739,0.112,0.315,29,37,18,3,168,3,10,6,0,0,4.66,,,3,0,11,0.28,0.442,0.325,0.341,0.345,0.162,,,,,,,,,,,,,89.7,10.9,36.3,6.8,38.9,79.793358936,94.01804893,20.8,47.7
"Wendelken, J.B.",605525,2022,29,29,29.0,122,107,25,18,3,0,4,21,14,17.2,11.5,0.234,0.374,0.328,0.702,0.14,0.256,17,18,0,0,87,2,1,1,0,0,5.28,,,2,0,22,0.297,0.482,0.314,0.378,0.384,0.185,,,,,,,,,,,,,87.9,13.4,32.6,7.0,32.6,77.094962093,93.461895294,22.2,46.1
"Henry, Tommy",674072,2022,24,9,47.0,205,179,47,29,8,0,10,36,21,17.6,10.2,0.263,0.475,0.348,0.823,0.212,0.276,28,28,0,0,141,3,4,3,0,0,5.36,,,2,2,32,0.249,0.449,0.357,0.34,0.336,0.201,,,,,,,,,,,,,90.0,13.7,36.6,9.0,39.3,79.412763239,94.678987394,23.4,49.2
"Keuchel, Dallas",572971,2022,34,14,60.2,303,269,94,59,21,3,11,45,31,14.9,10.2,0.349,0.572,0.413,0.985,0.223,0.384,62,69,0,0,182,2,9,3,0,0,9.2,,,0,2,27,0.288,0.474,0.419,0.359,0.359,0.187,,,,,,,,,,,,,88.8,5.5,39.6,8.8,39.2,77.907522281,93.97665511,22.5,45.1
"Weaver, Luke",596133,2022,28,26,35.2,174,155,52,36,15,0,1,38,13,21.8,7.5,0.335,0.452,0.391,0.843,0.117,0.429,26,29,0,0,107,1,1,2,0,0,6.56,,,2,0,14,0.285,0.458,0.367,0.356,0.352,0.173,,,,,,,,,,,,,91.5,11.2,40.0,10.8,45.0,81.231668833,95.450290417,22.8,52.8
"Mantiply, Joe",573009,2022,31,69,60.0,243,231,59,47,6,0,6,61,6,25.1,2.5,0.255,0.359,0.281,0.64,0.104,0.319,19,22,2,6,180,2,5,3,1,0,2.85,,,2,0,42,0.242,0.371,0.28,0.28,0.269,0.129,,,,,,,,,,,,,86.5,5.4,28.9,4.0,37.6,74.403432353,93.285583471,29.2,52.8
"Widener, Taylor",642203,2022,27,14,17.1,82,74,22,16,4,0,2,14,5,17.1,6.1,0.297,0.432,0.366,0.798,0.135,0.345,7,8,0,1,52,0,1,0,0,0,3.63,,,2,0,8,0.237,0.439,0.349,0.323,0.311,0.202,,,,,,,,,,,,,88.2,21.0,33.3,6.7,40.0,76.282810333,94.145150333,20.1,52.9
"Ginkel, Kevin",656464,2022,28,30,29.1,124,111,27,19,7,0,1,30,11,24.2,8.9,0.243,0.333,0.315,0.648,0.09,0.321,11,14,1,2,88,1,1,1,0,0,3.38,,,1,0,11,0.208,0.321,0.29,0.271,0.283,0.113,,,,,,,,,,,,,89.0,8.6,26.8,4.9,32.9,79.127680732,93.494308659,26.9,45.7
"Devenski, Chris",606965,2022,31,13,14.2,67,62,21,10,6,2,3,12,1,17.9,1.5,0.339,0.645,0.343,0.988,0.306,0.36,14,14,0,0,44,2,1,0,0,0,8.59,,,4,0,5,0.27,0.51,0.406,0.351,0.292,0.24,,,,,,,,,,,,,91.7,15.4,37.7,15.1,49.1,82.405314815,95.196106604,26.6,51.5
"Martin, Corbin",656686,2022,26,7,22.1,101,86,25,17,4,1,3,21,12,20.8,11.9,0.291,0.465,0.37,0.835,0.174,0.344,12,14,0,0,67,0,1,2,0,0,4.84,,,3,0,9,0.297,0.546,0.362,0.396,0.379,0.248,,,,,,,,,,,,,91.8,10.9,45.6,10.3,52.9,81.802640588,96.052270597,26.6,44.8
"Misiewicz, Anthony",664948,2023,28,11,11.0,55,48,17,10,3,2,2,8,6,14.5,10.9,0.354,0.625,0.418,1.043,0.271,0.385,9,11,0,1,33,2,0,3,0,0,7.36,,,0,0,5,0.332,0.562,0.434,0.419,0.411,0.23,71.6,15.4,5.6,3.8,22.2,15.4,7.5,1.0,13.3,-6.8,65.4,34.4,93.2,16.6,41.5,9.8,48.8,84.377524286,95.942813659,21.0,43.8
"Jameson, Drey",686753,2023,25,15,40.2,174,154,40,28,6,0,6,37,18,21.3,10.3,0.26,0.416,0.339,0.755,0.156,0.304,15,15,1,0,122,3,1,0,0,0,3.32,,,0,0,26,0.249,0.506,0.33,0.356,0.33,0.257,,,,,,,,,,,,,92.0,11.9,33.9,13.6,47.5,81.972548136,95.568070763,30.0,46.0
"Adams, Austin",613534,2023,32,24,17.1,81,68,16,14,1,0,1,22,8,27.2,9.9,0.235,0.294,0.358,0.652,0.059,0.333,11,12,0,1,52,0,1,2,0,0,5.71,,,5,0,7,0.197,0.308,0.306,0.295,0.326,0.111,71.9,27.3,11.1,9.1,27.8,22.7,7.2,2.0,3.3,5.5,40.9,33.2,84.3,15.1,32.6,4.3,32.6,71.769286957,92.476018696,29.3,45.3
"Chafin, Andrew",605177,2023,33,63,51.1,224,195,45,25,11,3,6,63,28,28.1,12.5,0.231,0.41,0.33,0.74,0.179,0.31,27,30,8,5,154,3,4,2,0,0,4.73,,,2,0,16,0.228,0.399,0.324,0.321,0.328,0.171,72.0,27.9,15.2,11.6,30.4,23.1,7.6,2.0,11.0,-3.1,49.0,35.0,86.8,13.9,38.6,9.8,32.6,74.918832923,93.364925462,31.8,43.0
"Kelly, Merrill",518876,2023,34,30,177.2,721,645,143,90,30,3,20,187,68,25.9,9.4,0.222,0.371,0.299,0.67,0.149,0.279,65,71,0,0,533,12,8,3,4,0,3.29,,,13,18,82,0.241,0.394,0.294,0.313,0.316,0.153,72.3,29.5,13.3,10.0,29.6,22.1,7.4,6.0,10.9,-2.6,55.2,34.6,89.6,11.8,35.1,7.8,41.8,78.631396856,94.559456681,27.0,49.1
"Nelson, Kyle",669459,2023,26,68,56.0,239,221,59,35,12,0,12,67,14,28.0,5.9,0.267,0.484,0.314,0.798,0.217,0.331,26,30,0,4,168,7,4,1,0,0,4.18,,,1,0,24,0.229,0.416,0.339,0.298,0.278,0.187,72.7,30.2,17.4,12.6,33.9,24.5,7.6,0.0,15.0,-8.9,61.0,33.3,89.6,16.3,39.5,9.6,39.5,79.423240658,94.139193179,31.0,52.5
"Sewald, Paul",623149,2023,33,65,60.2,249,221,46,30,8,0,8,80,24,32.1,9.6,0.208,0.353,0.287,0.64,0.145,0.284,21,23,34,5,182,3,2,1,0,0,3.12,,,7,0,9,0.187,0.313,0.281,0.259,0.268,0.126,70.6,17.4,9.8,7.2,23.1,16.9,7.0,3.0,6.7,3.2,47.2,31.8,85.9,20.9,34.0,5.6,29.9,74.509063429,92.696559143,29.3,49.8
"Bumgarner, Madison",518516,2023,33,4,16.2,90,72,25,13,8,0,4,10,15,11.1,16.7,0.347,0.625,0.456,1.081,0.278,0.35,19,20,0,0,50,0,3,0,0,0,10.26,,,3,0,7,0.327,0.576,0.451,0.43,0.44,0.249,,,,,,,,,,,,,89.4,14.3,34.4,12.5,43.8,77.100991563,95.027490469,17.1,43.4
"Thompson, Ryan",657044,2023,31,31,30.2,121,108,20,11,6,0,3,21,8,17.4,6.6,0.185,0.324,0.267,0.591,0.139,0.202,13,14,1,3,92,1,2,2,0,0,3.82,,,4,0,22,0.197,0.349,0.264,0.279,0.278,0.152,70.8,21.7,6.7,5.8,28.3,24.6,7.1,1.0,6.7,2.6,36.2,33.1,86.9,5.0,17.0,5.7,34.1,75.112111628,93.446035412,17.8,44.4
"Strzelecki, Peter",657265,2023,28,37,37.0,163,141,33,22,8,0,3,37,12,22.7,7.4,0.234,0.355,0.327,0.682,0.121,0.294,18,18,0,1,111,3,5,0,0,0,4.38,,,9,0,23,0.233,0.391,0.303,0.316,0.326,0.159,72.8,27.3,22.2,18.2,55.6,45.5,6.9,0.0,5.1,-0.4,54.5,31.4,89.1,14.7,34.0,7.5,36.8,79.79585,93.35481381,26.6,45.5
"Henry, Tommy",674072,2023,25,17,89.0,381,342,86,55,17,2,12,64,35,16.8,9.2,0.251,0.418,0.328,0.746,0.167,0.278,41,42,0,0,267,5,4,1,0,0,4.15,,,10,6,59,0.244,0.414,0.324,0.321,0.321,0.17,73.0,31.6,17.9,14.5,40.0,32.5,7.5,2.0,11.4,-1.8,58.1,34.2,87.9,16.8,33.8,7.6,32.4,77.311010942,93.325474819,22.3,48.7
"Saalfrank, Andrew",685314,2023,25,10,10.1,41,37,7,7,0,0,0,6,4,14.6,9.8,0.189,0.189,0.268,0.457,0.0,0.226,0,2,0,0,31,0,0,0,0,0,0.0,,,2,0,6,0.265,0.325,0.207,0.29,0.337,0.06,71.5,14.9,18.9,13.5,35.8,25.7,7.5,3.0,11.8,-3.4,60.8,35.3,86.7,-4.3,25.8,0.0,48.4,73.0302525,94.621302258,31.4,55.1
"Davies, Zach",605200,2023,30,18,82.1,377,332,98,67,17,4,10,72,39,19.1,10.3,0.295,0.461,0.37,0.831,0.166,0.348,64,67,0,0,247,2,5,0,0,0,7.0,,,8,3,54,0.28,0.457,0.36,0.355,0.358,0.177,72.3,27.9,21.7,17.3,34.9,27.9,7.4,2.0,11.0,-4.0,46.6,34.4,89.7,11.0,35.2,8.0,42.4,78.341048626,94.848384733,22.0,40.3
"Pfaadt, Brandon",694297,2023,24,19,96.0,421,386,109,59,25,3,22,94,26,22.3,6.2,0.282,0.534,0.329,0.863,0.252,0.316,61,63,0,0,288,3,9,0,0,0,5.72,,,8,3,30,0.249,0.463,0.362,0.326,0.299,0.215,71.9,25.5,14.9,11.5,34.4,26.5,7.4,7.0,11.2,-4.6,53.1,33.2,90.1,18.2,37.2,11.7,44.0,79.562691678,94.728173805,25.0,49.3
"Castro, Miguel",612434,2023,28,75,64.2,268,239,51,32,11,0,8,60,25,22.4,9.3,0.213,0.36,0.296,0.656,0.147,0.251,31,32,7,4,194,6,6,0,0,0,4.31,,,8,0,39,0.231,0.387,0.286,0.304,0.312,0.156,71.4,24.5,16.5,12.9,33.9,26.4,7.5,8.0,11.5,-4.7,51.5,33.9,86.1,10.5,33.3,6.1,28.3,74.751686517,92.77636882,26.9,45.7
"Vargas, Carlos",672841,2023,23,5,4.2,22,17,5,3,0,0,2,7,4,31.8,18.2,0.294,0.647,0.455,1.102,0.353,0.375,3,3,0,0,14,0,0,0,0,0,5.79,,,0,0,1,0.284,0.627,0.462,0.454,0.447,0.343,,,,,,,,,,,,,95.4,4.5,40.0,20.0,70.0,85.17965,98.739126,33.3,40.7
"Nelson, Ryne",669194,2023,25,29,144.0,619,559,159,88,37,10,24,96,46,15.5,7.4,0.284,0.515,0.334,0.849,0.231,0.301,85,87,0,0,432,8,8,6,1,0,5.31,,,2,7,97,0.263,0.493,0.357,0.349,0.319,0.23,72.2,28.9,16.5,13.4,36.2,29.4,7.2,2.0,9.1,-0.9,52.8,31.9,90.8,16.2,37.1,11.6,42.7,80.703908814,94.897921525,20.3,49.8
"Gallen, Zac",668678,2023,27,34,210.0,846,790,188,121,42,3,22,220,47,26.0,5.6,0.238,0.382,0.284,0.666,0.144,0.301,81,87,0,0,630,17,9,8,1,1,3.47,,,5,20,124,0.25,0.435,0.289,0.315,0.296,0.184,72.0,26.7,17.4,13.9,39.1,31.2,7.3,12.0,10.3,-1.2,53.1,32.8,91.5,12.3,36.4,9.2,46.2,82.024994196,95.003873538,26.4,47.2
"McGough, Scott",543518,2023,33,63,70.1,301,266,60,31,15,0,14,86,30,28.6,10.0,0.226,0.44,0.306,0.746,0.214,0.272,37,40,9,5,211,2,7,3,0,0,4.73,,,1,0,26,0.235,0.416,0.318,0.319,0.316,0.18,72.2,25.5,20.9,15.1,34.5,25.0,7.5,4.0,11.4,-5.3,51.0,32.3,91.3,10.5,30.1,10.4,48.6,80.605606374,95.733735249,32.0,47.7
"Solomon, Peter",656981,2023,26,5,13.1,67,55,17,7,6,2,2,6,11,9.0,16.4,0.309,0.6,0.433,1.033,0.291,0.319,18,18,0,0,40,0,0,1,0,0,12.15,,,1,0,2,0.315,0.567,0.435,0.429,0.438,0.252,,,,,,,,,,,,,94.3,14.7,38.8,14.3,59.2,85.8811592,96.901522245,20.7,39.0
"Mantiply, Joe",573009,2023,32,35,39.0,157,148,35,20,9,2,4,28,9,17.8,5.7,0.236,0.405,0.28,0.685,0.169,0.267,20,22,0,0,117,2,2,1,0,0,4.62,,,3,0,20,0.246,0.435,0.292,0.309,0.289,0.189,72.3,26.8,11.7,9.4,35.1,28.3,7.4,2.0,10.1,-2.2,54.3,34.0,87.7,7.1,28.3,9.2,35.8,76.512844833,93.591291513,23.2,49.7
"Crismatt, Nabil",622503,2023,28,8,13.0,65,57,19,13,3,0,3,12,7,18.5,10.8,0.333,0.544,0.415,0.959,0.211,0.381,12,13,0,0,39,0,2,2,1,0,8.31,,,1,0,5,0.232,0.393,0.413,0.32,0.326,0.161,72.8,33.3,33.3,16.7,50.0,25.0,7.9,1.0,20.1,-16.6,33.3,33.2,86.6,3.2,28.9,8.9,35.6,74.530228636,93.765856136,32.5,43.5
"Jarvis, Bryce",686826,2023,25,11,23.2,92,82,14,10,0,1,3,12,9,13.0,9.8,0.171,0.305,0.25,0.555,0.134,0.162,8,9,0,0,71,2,1,0,0,0,3.04,,,0,0,19,0.271,0.489,0.246,0.356,0.34,0.218,72.0,23.8,15.9,13.1,39.3,32.3,7.1,5.0,8.0,1.6,50.8,32.8,90.2,11.8,33.8,9.9,45.1,79.480878286,94.949333571,18.2,43.0
"Sulser, Cole",642121,2023,33,4,5.1,23,20,5,2,1,0,2,4,3,17.4,13.0,0.25,0.6,0.348,0.948,0.35,0.214,4,4,0,0,16,0,0,0,0,0,6.75,,,0,0,1,0.292,0.592,0.396,0.411,0.385,0.3,73.9,42.9,50.0,42.9,66.7,57.1,7.7,0.0,10.7,-1.8,57.1,31.0,90.3,21.4,43.8,12.5,50.0,79.068725,96.003706875,36.8,45.2
"Cecconi, Slade",677944,2023,24,7,27.0,111,104,27,14,8,1,4,20,4,18.0,3.6,0.26,0.471,0.297,0.768,0.211,0.284,13,13,0,0,81,0,1,0,0,0,4.33,,,1,0,7,0.257,0.496,0.325,0.335,0.295,0.239,71.5,20.5,16.9,14.2,41.2,34.7,7.2,2.0,9.5,-0.8,52.8,32.0,91.0,14.8,35.3,10.6,47.1,81.253281667,94.965638929,18.3,48.3
"Frías, Luis",666818,2023,25,29,31.0,139,120,30,16,11,0,3,26,17,18.7,12.2,0.25,0.417,0.353,0.77,0.167,0.297,14,14,0,1,93,1,0,1,0,0,4.06,,,3,0,19,0.251,0.427,0.339,0.344,0.353,0.176,72.3,24.7,12.0,9.0,27.1,20.2,7.6,3.0,14.2,-7.0,50.6,35.0,89.7,15.9,30.9,8.5,38.3,78.762276596,94.472970532,26.4,48.4
"Gilbert, Tyler",656457,2023,29,11,17.1,72,67,21,11,7,1,2,19,5,26.4,6.9,0.313,0.537,0.361,0.898,0.224,0.413,10,10,0,1,52,0,2,1,0,0,5.19,,,0,0,7,0.303,0.544,0.382,0.383,0.351,0.241,72.1,33.3,23.9,18.3,38.0,29.0,7.1,3.0,8.8,1.0,49.5,33.4,91.6,11.2,37.5,12.5,45.8,79.577044583,96.537793404,27.2,47.5
"Ginkel, Kevin",656464,2023,29,60,65.1,255,226,41,23,15,0,3,70,24,27.5,9.4,0.181,0.288,0.263,0.551,0.107,0.244,18,24,4,2,196,9,1,5,1,0,2.48,,,2,0,39,0.197,0.336,0.246,0.273,0.278,0.14,71.5,25.1,14.6,10.2,29.2,20.3,7.2,12.0,8.4,0.6,48.7,31.9,88.0,9.5,32.1,7.5,37.1,76.81440675,93.68903327,31.2,46.8
"Ruiz, José",614179,2023,28,38,44.1,207,178,52,32,9,1,10,39,21,18.8,10.1,0.292,0.522,0.382,0.904,0.23,0.321,29,31,0,2,133,2,1,3,1,0,5.89,,,4,0,22,0.265,0.458,0.385,0.354,0.359,0.193,71.9,18.5,20.0,14.8,35.0,25.9,7.6,1.0,10.4,-4.1,40.7,34.7,89.0,13.2,39.7,8.5,36.2,79.078778592,93.699931702,29.5,45.9
"Cecconi, Slade",677944,2024,25,20,77.0,338,313,92,52,23,1,16,64,17,18.9,5.0,0.294,0.527,0.335,0.862,0.233,0.322,57,57,0,0,231,2,7,2,1,0,6.66,,,6,3,35,0.252,0.461,0.366,0.33,0.3,0.209,71.2,20.6,14.0,11.3,34.8,28.2,7.2,4.0,9.6,-0.6,48.3,32.1,89.0,17.9,36.0,10.3,36.4,78.3622732,94.005374217,19.6,49.0
"Sewald, Paul",623149,2024,34,42,39.2,165,151,35,16,13,0,6,43,10,26.1,6.1,0.232,0.437,0.291,0.728,0.205,0.282,19,19,16,4,119,1,2,0,0,0,4.31,,,4,0,9,0.225,0.421,0.311,0.304,0.286,0.196,71.6,21.6,11.7,9.2,28.4,22.3,7.2,11.0,8.6,-0.3,53.7,30.8,90.0,26.0,34.9,9.2,42.2,79.845752037,94.379078037,24.4,52.8
"Floro, Dylan",571670,2024,33,66,68.2,279,258,65,50,10,0,5,48,17,17.2,6.1,0.252,0.349,0.299,0.648,0.097,0.29,29,31,0,1,206,6,4,1,0,0,3.8,,,9,0,40,0.259,0.397,0.285,0.311,0.307,0.138,71.5,20.3,15.3,12.6,41.2,34.0,7.3,4.0,9.8,-0.1,54.5,32.5,90.2,10.9,34.3,4.2,39.0,80.702774615,94.144938798,18.4,42.1
"Gallen, Zac",668678,2024,28,28,148.0,621,561,133,86,29,5,13,156,54,25.1,8.7,0.237,0.376,0.308,0.684,0.139,0.305,60,62,0,0,444,14,6,5,0,0,3.65,,,18,12,112,0.242,0.39,0.301,0.311,0.313,0.148,71.8,25.0,14.1,10.6,35.1,26.5,7.5,24.0,11.7,-5.1,51.7,33.6,90.0,11.8,34.9,7.4,41.0,79.81895601,94.40298237,26.0,44.2
"Frías, Luis",666818,2024,26,11,9.2,53,45,19,12,4,1,2,12,7,22.6,13.2,0.422,0.689,0.491,1.18,0.267,0.531,15,16,0,1,29,0,1,2,0,0,13.97,,,0,0,2,0.34,0.563,0.493,0.421,0.423,0.224,71.5,25.0,17.3,13.2,28.8,22.1,7.5,2.0,11.7,-2.6,45.6,32.6,91.7,11.5,47.1,11.8,52.9,81.289008235,95.399490882,25.2,46.7
"Bowman, Matt",621199,2024,33,25,30.2,132,117,26,14,7,0,5,24,13,18.2,9.8,0.222,0.41,0.311,0.721,0.188,0.239,15,15,0,0,92,1,0,0,0,0,4.4,,,3,0,11,0.245,0.46,0.314,0.342,0.331,0.215,71.9,24.2,14.1,11.6,35.0,28.8,7.2,1.0,8.9,1.1,53.0,31.4,89.3,8.4,36.6,11.8,40.9,78.217246596,94.413392903,18.6,43.3
"Henry, Tommy",674072,2024,26,9,38.1,182,157,49,26,12,2,9,30,18,16.5,9.9,0.312,0.586,0.392,0.978,0.274,0.333,30,31,0,0,115,2,3,0,0,0,7.04,,,1,1,37,0.285,0.52,0.414,0.385,0.371,0.235,72.7,31.9,16.6,14.0,33.6,28.4,7.5,1.0,10.8,-1.5,56.4,33.6,91.3,13.1,34.6,11.5,46.2,81.22754,95.232340698,16.7,46.7
"Mena, Cristian",691441,2024,21,1,3.0,15,12,4,2,0,0,2,2,3,13.3,20.0,0.333,0.833,0.467,1.3,0.5,0.25,4,4,0,0,9,0,0,0,1,0,12.0,,,0,0,5,0.293,0.669,0.529,0.463,0.434,0.376,72.8,37.0,19.0,14.8,33.3,25.9,7.7,0.0,12.6,-6.0,59.3,35.2,94.8,21.4,20.0,20.0,50.0,87.62067,95.97313,29.4,48.6
"Thompson, Ryan",657044,2024,32,67,66.1,272,252,64,47,8,4,5,52,15,19.1,5.5,0.254,0.377,0.296,0.673,0.123,0.299,24,26,2,7,199,7,5,2,0,0,3.26,,,17,0,35,0.254,0.407,0.29,0.312,0.299,0.153,72.3,28.5,19.4,15.3,37.2,29.3,7.2,8.0,6.8,1.1,43.0,34.5,90.0,-0.5,26.5,7.4,44.6,78.240616939,95.26022148,23.0,49.8
"Kelly, Merrill",518876,2024,35,13,73.2,300,277,67,39,16,1,11,63,19,21.0,6.3,0.242,0.426,0.294,0.72,0.184,0.275,33,35,0,0,221,5,1,1,2,0,4.03,,,5,5,49,0.262,0.483,0.311,0.345,0.313,0.221,72.7,30.6,14.2,11.4,32.3,25.9,7.5,7.0,11.6,-3.5,59.2,34.9,90.5,11.0,33.5,10.7,40.9,80.356688571,94.677066333,21.3,48.2
"Jarvis, Bryce",686826,2024,26,44,59.1,258,218,52,37,9,0,6,38,33,14.7,12.8,0.239,0.362,0.349,0.711,0.123,0.261,21,25,0,0,178,1,2,4,0,0,3.19,,,2,0,26,0.269,0.442,0.314,0.357,0.376,0.173,71.1,22.2,11.5,9.3,34.0,27.3,7.2,3.0,7.6,1.0,43.6,33.3,90.5,11.4,34.1,7.1,40.1,81.272036264,94.194507845,21.8,48.4
"Puk, A.J.",640462,2024,29,62,71.1,294,262,51,28,17,1,5,88,28,29.9,9.5,0.195,0.324,0.276,0.6,0.129,0.271,25,31,3,3,214,4,9,2,1,0,3.15,,,5,0,28,0.198,0.301,0.265,0.262,0.28,0.103,71.0,20.3,8.3,5.9,28.7,20.5,7.3,14.0,9.5,-2.6,47.8,32.0,86.2,16.8,35.2,4.0,33.5,74.536264828,92.955833678,31.8,49.3
"Mantiply, Joe",573009,2024,33,75,59.2,243,225,52,33,14,4,1,53,18,21.8,7.4,0.231,0.342,0.288,0.63,0.111,0.298,26,27,1,1,179,6,2,3,1,0,3.92,,,7,0,45,0.227,0.384,0.265,0.284,0.285,0.157,71.4,18.9,14.8,11.0,34.1,25.2,7.5,9.0,11.9,-5.9,52.6,34.5,88.1,5.4,26.2,7.6,41.9,76.265567024,94.272291557,27.5,52.8
"Díaz, Yilber",700270,2024,23,7,28.1,119,105,27,17,5,2,3,19,12,16.0,10.1,0.257,0.429,0.328,0.757,0.172,0.282,12,13,0,0,85,1,1,1,0,0,3.81,,,2,2,21,0.28,0.428,0.327,0.348,0.352,0.148,71.8,27.0,16.8,14.0,40.3,33.7,7.2,5.0,7.8,0.1,48.9,31.5,91.3,15.4,38.6,4.5,45.5,81.967966136,94.986226782,20.1,43.5
"Castro, Miguel",612434,2024,29,11,13.2,64,59,20,11,5,1,3,8,3,12.5,4.7,0.339,0.61,0.381,0.991,0.271,0.354,9,9,0,0,41,0,0,0,0,0,5.93,,,0,0,8,0.321,0.51,0.421,0.379,0.364,0.189,71.4,25.0,9.4,8.3,31.3,27.8,7.5,2.0,9.6,-3.0,56.9,34.5,84.6,8.3,38.5,5.8,25.0,73.980398846,92.005902941,18.5,46.6
"Nelson, Ryne",669194,2024,26,28,150.2,630,583,155,93,36,9,17,126,34,20.0,5.4,0.266,0.446,0.308,0.754,0.18,0.309,71,73,1,0,452,10,6,4,0,0,4.24,,,2,12,102,0.263,0.419,0.322,0.316,0.307,0.157,71.1,20.4,14.1,11.7,32.9,27.4,7.0,18.0,6.0,3.7,44.8,32.0,90.1,12.0,34.5,7.5,41.6,79.83287319,94.487586272,18.2,51.8
"Allen, Logan",671106,2024,25,20,97.1,432,383,113,62,26,3,22,79,41,18.3,9.5,0.295,0.551,0.367,0.918,0.256,0.319,62,63,0,0,292,8,5,4,0,0,5.73,,,3,5,91,0.271,0.502,0.39,0.369,0.347,0.232,71.7,24.5,20.4,16.7,38.2,31.3,7.3,14.0,9.5,-1.6,51.2,32.9,91.0,13.4,36.0,11.4,46.4,80.018277434,95.493760921,21.2,45.0
"Pfaadt, Brandon",694297,2024,25,32,181.2,760,707,183,122,31,6,24,185,42,24.3,5.5,0.259,0.421,0.302,0.723,0.162,0.316,95,103,0,0,545,11,10,1,0,0,4.71,,,7,13,105,0.243,0.402,0.312,0.303,0.289,0.159,72.1,26.0,13.9,10.5,33.2,25.1,7.4,20.0,11.0,-3.4,52.1,33.2,89.4,14.1,33.0,8.1,39.4,78.684914866,94.224942476,25.4,49.3
"Vieira, Thyago",600986,2024,31,28,38.0,177,147,37,22,6,1,8,39,26,22.0,14.7,0.252,0.469,0.367,0.836,0.217,0.284,22,23,1,0,114,0,1,3,1,0,5.21,,,2,0,16,0.236,0.441,0.361,0.349,0.355,0.205,71.6,24.8,13.5,10.4,32.9,25.2,7.3,6.0,9.9,-1.5,53.3,32.9,89.6,13.0,35.5,10.0,45.5,78.028932,94.877831101,24.8,43.3
"Nelson, Kyle",669459,2024,27,11,10.2,42,37,8,5,1,0,2,8,4,19.0,9.5,0.216,0.405,0.286,0.691,0.189,0.214,5,5,0,1,32,0,0,0,0,0,4.22,,,0,0,1,0.311,0.502,0.289,0.365,0.369,0.191,72.3,28.9,15.8,13.3,34.2,28.9,7.8,0.0,18.4,-9.7,51.1,34.7,91.0,16.2,40.0,6.7,53.3,79.6126,95.550509,23.0,51.0
"Montgomery, Jordan",656756,2024,31,25,117.0,532,478,149,92,40,3,14,83,44,15.6,8.3,0.312,0.496,0.369,0.865,0.184,0.351,81,83,1,0,351,8,7,7,0,0,6.23,,,14,6,82,0.285,0.452,0.37,0.35,0.348,0.167,72.0,25.5,17.1,12.9,37.9,28.6,7.6,20.0,13.6,-6.8,54.9,33.3,88.6,12.2,36.6,6.0,41.0,77.212722234,94.218289135,26.9,49.6
"Saalfrank, Andrew",685314,2024,26,2,1.0,8,4,2,0,2,0,0,0,4,0.0,50.0,0.5,1.0,0.75,1.75,0.5,0.5,4,4,0,0,3,0,0,1,0,0,36.0,,,0,0,0,0.423,0.847,0.654,0.597,0.711,0.424,72.8,20.0,37.5,30.0,37.5,30.0,7.8,0.0,18.9,-9.6,50.0,36.1,96.8,10.7,75.0,25.0,75.0,89.296815,99.6347775,20.0,38.5
"Walston, Blake",686796,2024,23,7,18.1,83,70,16,10,2,0,4,18,10,21.7,12.0,0.229,0.429,0.349,0.778,0.2,0.25,9,12,0,0,55,1,0,0,0,0,4.42,,,0,0,8,0.23,0.428,0.344,0.345,0.351,0.198,72.6,33.3,12.3,9.4,30.2,23.2,7.4,1.0,11.0,-3.3,50.0,33.7,90.1,18.9,28.8,9.6,36.5,80.331414231,94.187306538,22.1,44.9
"Hughes, Brandon",676714,2024,28,15,17.2,89,76,24,11,5,0,8,21,10,23.6,11.2,0.316,0.697,0.404,1.101,0.381,0.333,16,16,0,0,53,0,0,1,0,0,8.15,,,1,0,3,0.3,0.7,0.457,0.451,0.391,0.4,71.3,23.9,14.9,11.2,31.7,23.9,7.3,2.0,11.2,-4.5,56.0,31.8,86.5,16.7,46.4,21.4,41.1,71.808025714,94.675940893,28.5,45.1
"Allen, Logan",663531,2024,27,12,28.0,128,114,32,23,6,0,3,21,10,16.4,7.8,0.281,0.412,0.344,0.756,0.131,0.315,17,17,1,0,84,0,1,0,0,0,5.46,,,3,0,9,0.302,0.453,0.33,0.36,0.365,0.15,72.0,25.2,14.9,12.1,33.3,27.2,7.4,2.0,11.1,-2.5,52.4,32.8,89.3,12.9,41.1,5.3,40.0,78.776739375,94.108398632,19.7,49.6
"Ginkel, Kevin",656464,2024,30,72,70.0,291,270,69,46,16,1,6,77,15,26.5,5.2,0.256,0.389,0.3,0.689,0.133,0.333,25,31,5,6,210,8,3,4,0,0,3.21,,,6,0,45,0.229,0.367,0.3,0.283,0.277,0.138,70.6,18.2,12.9,9.9,32.8,25.2,7.1,16.0,8.0,1.8,48.8,32.0,89.8,10.0,35.2,5.6,40.8,79.446978557,94.349364691,27.9,49.3
"Jacques, Joe",682175,2024,29,2,3.0,16,14,6,4,1,0,1,2,1,12.5,6.3,0.429,0.714,0.5,1.214,0.285,0.455,3,3,0,0,9,0,0,1,0,0,9.0,,,2,0,3,0.438,0.779,0.515,0.545,0.509,0.34,70.1,15.0,31.3,25.0,56.3,45.0,7.2,0.0,8.2,-2.9,60.0,34.0,87.1,0.1,41.7,16.7,50.0,72.731283333,95.712816667,16.7,48.0
"McGough, Scott",543518,2024,34,26,32.2,150,124,34,16,10,2,6,25,21,16.7,14.0,0.274,0.532,0.373,0.905,0.258,0.289,27,30,0,2,98,1,3,1,1,0,7.44,,,4,0,29,0.256,0.506,0.382,0.37,0.361,0.25,71.8,26.9,14.3,10.8,32.7,24.7,7.4,3.0,11.0,-3.1,51.6,33.9,90.8,13.2,34.0,11.7,41.7,81.219632885,94.634885049,25.5,48.9
"Castellanos, Humberto",528748,2024,26,7,10.1,48,41,11,8,3,0,0,7,4,14.6,8.3,0.268,0.341,0.354,0.695,0.073,0.314,6,6,1,0,31,0,0,1,0,0,5.23,,,1,0,17,0.311,0.41,0.313,0.358,0.395,0.1,71.3,23.5,16.2,13.6,33.8,28.4,7.0,0.0,8.0,-1.2,48.1,30.6,86.9,18.9,48.6,0.0,37.1,75.173592222,93.806387714,15.6,48.4
"Nelson, Kyle",669459,2025,28,3,2.0,11,7,1,0,0,0,1,2,4,18.2,36.4,0.143,0.571,0.455,1.026,0.428,0.0,2,2,1,0,6,0,0,1,0,0,9.0,,,0,0,0,0.117,0.44,0.437,0.394,0.438,0.323,68.6,0.0,11.1,8.3,22.2,16.7,7.7,0.0,16.0,-14.9,75.0,35.4,86.7,41.1,40.0,20.0,20.0,79.88911,91.723846,26.7,34.1
"Jarvis, Bryce",686826,2025,27,12,22.0,98,86,23,12,8,0,3,21,10,21.4,10.2,0.267,0.465,0.347,0.812,0.198,0.317,14,14,1,0,66,0,0,0,0,0,5.73,,,1,0,20,0.222,0.383,0.351,0.314,0.313,0.161,71.5,26.0,16.7,13.3,40.0,32.0,7.3,1.0,9.6,-2.6,53.3,31.6,91.1,19.4,33.3,7.6,43.9,81.364842727,94.937767727,20.9,39.9
"Rashi, Taylor",688497,2025,29,10,16.1,72,64,16,12,4,0,0,22,8,30.6,11.1,0.25,0.313,0.333,0.646,0.063,0.381,8,8,2,1,49,0,1,1,0,0,4.41,,,1,0,2,0.237,0.349,0.293,0.301,0.321,0.113,71.1,17.6,16.5,12.0,30.4,22.2,7.2,3.0,9.5,-1.2,49.1,31.0,89.3,12.1,35.7,4.8,42.9,78.322701429,94.513578095,29.3,38.6
"Castillo, José",620454,2025,29,29,32.0,149,129,40,29,7,0,4,30,14,20.1,9.4,0.31,0.457,0.389,0.846,0.147,0.371,14,18,0,2,96,2,2,1,3,0,3.94,,,4,0,18,0.252,0.372,0.367,0.315,0.341,0.12,71.9,26.6,16.5,13.1,37.1,29.4,7.5,3.0,10.3,-1.4,52.3,34.1,89.7,4.2,34.7,5.9,42.6,79.415740408,94.443429388,22.6,46.4
"Graveman, Kendall",608665,2025,34,19,17.2,82,69,23,11,9,1,2,9,12,11.0,14.6,0.333,0.58,0.439,1.019,0.247,0.362,14,14,0,0,53,1,0,0,0,0,7.13,,,4,0,13,0.296,0.5,0.435,0.395,0.408,0.204,72.5,24.4,22.4,16.0,40.0,28.6,7.5,2.0,12.0,-5.7,54.6,34.4,90.3,8.7,45.0,10.0,50.0,78.410620333,95.825314407,28.1,42.9
"Pfaadt, Brandon",694297,2025,26,33,176.2,767,710,198,118,51,3,26,147,37,19.2,4.8,0.279,0.469,0.323,0.792,0.19,0.317,103,107,0,0,530,13,9,3,0,0,5.25,,,13,12,109,0.285,0.494,0.339,0.352,0.329,0.21,72.4,29.4,18.3,14.5,34.4,27.3,7.4,32.0,11.2,-3.6,55.4,33.4,90.8,12.5,39.1,10.9,45.8,79.642424366,95.370126614,22.1,49.2
"Richards, Trevor",670950,2025,32,5,5.2,29,25,11,9,2,0,0,5,2,17.2,6.9,0.44,0.52,0.464,0.984,0.08,0.524,5,5,0,0,17,0,0,4,0,0,7.94,,,1,0,2,0.26,0.316,0.422,0.291,0.315,0.056,71.1,18.9,7.1,5.7,35.7,28.3,7.3,0.0,13.1,-1.1,50.9,30.4,85.1,14.7,54.5,0.0,22.7,75.15298,91.958120476,20.7,50.0
"Jameson, Drey",686753,2025,27,3,3.0,13,10,4,2,2,0,0,0,3,0.0,23.1,0.4,0.6,0.538,1.138,0.2,0.4,1,2,1,0,9,0,1,1,0,0,3.0,,,0,0,2,0.397,0.531,0.488,0.47,0.536,0.134,71.8,25.0,23.1,18.8,38.5,31.3,7.1,0.0,9.1,0.0,37.5,32.6,89.7,6.0,50.0,0.0,40.0,78.362868,94.563921,20.0,37.7
"Henry, Tommy",674072,2025,27,2,6.2,26,23,6,3,0,0,3,8,1,30.8,3.8,0.261,0.652,0.32,0.972,0.391,0.25,3,3,0,0,20,0,0,0,0,0,4.05,,,0,0,4,0.304,0.634,0.407,0.419,0.36,0.33,73.2,34.9,24.1,16.3,34.5,23.3,7.5,1.0,13.3,-7.7,48.8,33.0,94.8,1.7,37.5,25.0,62.5,82.7704625,99.373844667,28.8,48.6
"McGough, Scott",543518,2025,35,13,16.0,75,67,18,8,6,0,4,16,7,21.3,9.3,0.269,0.537,0.347,0.884,0.268,0.298,12,12,0,0,48,0,0,0,0,0,6.75,,,0,0,7,0.258,0.553,0.377,0.377,0.337,0.295,71.9,18.5,14.1,9.7,36.5,25.0,7.6,2.0,14.3,-8.2,50.0,33.6,91.4,19.1,35.3,17.6,47.1,81.794840385,95.145867255,30.8,48.1
"DeSclafani, Anthony",543101,2025,35,13,38.2,169,148,37,18,8,0,11,36,12,21.3,7.1,0.25,0.527,0.321,0.848,0.277,0.25,22,23,2,0,116,1,2,0,0,0,5.12,,,7,0,10,0.232,0.425,0.354,0.316,0.308,0.193,72.6,28.9,15.9,12.0,38.1,28.9,7.5,7.0,11.7,-6.4,50.6,32.7,89.9,15.0,31.9,8.6,43.1,79.321170351,94.710647544,25.9,46.8
"Morillo, Juan",666661,2025,26,42,34.1,152,128,38,27,7,2,2,36,20,23.7,13.2,0.297,0.43,0.393,0.823,0.133,0.396,16,19,1,1,103,0,3,3,0,0,4.19,,,1,0,10,0.23,0.326,0.363,0.301,0.336,0.097,71.0,19.7,10.6,7.7,26.5,19.3,7.0,4.0,5.4,5.8,45.6,32.1,87.2,11.2,31.6,5.3,42.1,74.442016809,94.11918828,26.6,48.8
"Burnes, Corbin",669203,2025,30,11,64.1,265,233,49,29,13,0,7,63,26,23.8,9.8,0.21,0.356,0.297,0.653,0.146,0.256,19,23,0,0,193,3,2,1,2,0,2.66,,,2,7,29,0.227,0.385,0.288,0.306,0.312,0.158,72.5,31.3,14.3,10.9,32.2,24.5,7.6,9.0,11.8,-4.5,55.3,35.1,89.5,6.6,33.5,8.1,41.6,77.976536977,94.85857848,25.7,46.3
"Gallen, Zac",668678,2025,29,33,192.0,813,737,176,104,37,4,31,175,66,21.5,8.1,0.239,0.426,0.303,0.729,0.187,0.271,103,109,0,0,576,13,15,2,0,0,4.83,,,14,15,109,0.242,0.434,0.315,0.32,0.307,0.192,72.0,27.8,16.9,13.3,36.1,28.4,7.5,36.0,11.9,-5.1,54.8,33.5,90.1,12.4,34.3,9.7,43.0,79.464557057,94.701400977,23.7,44.9
"Feyereisen, J.P.",656420,2025,32,4,4.0,23,22,11,6,3,0,2,4,1,17.4,4.3,0.5,0.909,0.522,1.431,0.409,0.563,5,7,0,0,12,0,2,0,0,0,11.25,,,0,0,1,0.351,0.615,0.597,0.411,0.379,0.264,72.5,36.7,12.5,10.2,22.5,18.4,7.5,2.0,10.9,-5.8,59.2,33.9,87.7,17.2,44.4,16.7,33.3,77.511907778,92.903662222,20.0,61.7
"Mena, Cristian",691441,2025,22,3,6.2,26,23,3,2,0,0,1,8,3,30.8,11.5,0.13,0.261,0.231,0.492,0.131,0.143,1,1,0,1,20,1,0,1,0,0,1.35,,,0,0,6,0.211,0.296,0.226,0.274,0.302,0.086,72.0,26.8,10.3,7.3,34.5,24.4,7.5,1.0,14.7,-6.8,65.9,33.5,86.8,4.7,33.3,6.7,46.7,74.67341625,94.214864,30.4,46.0
"Mantiply, Joe",573009,2025,34,10,9.2,58,54,26,17,4,0,5,8,3,13.8,5.2,0.481,0.833,0.517,1.35,0.352,0.512,17,17,0,1,29,0,1,0,0,0,15.83,,,1,0,6,0.285,0.523,0.567,0.36,0.334,0.238,71.3,24.1,17.9,14.5,40.3,32.5,7.6,0.0,12.3,-6.5,54.2,32.4,89.4,6.3,39.1,10.9,34.8,79.06594,93.998794091,20.9,47.4
"Hoffmann, Andrew",694851,2025,25,11,12.0,61,51,14,7,5,0,2,12,10,19.7,16.4,0.275,0.49,0.393,0.883,0.215,0.324,8,12,0,2,36,1,1,1,0,0,6.0,,,1,0,2,0.259,0.48,0.384,0.374,0.38,0.221,71.4,22.8,14.3,9.9,41.4,28.7,7.4,2.0,12.0,-5.8,58.4,32.3,88.7,17.8,28.2,7.7,35.9,78.120667,94.347343846,31.3,46.9
"Ginkel, Kevin",656464,2025,31,29,25.2,121,102,29,20,7,0,2,29,13,24.0,10.7,0.284,0.412,0.364,0.776,0.128,0.36,21,22,3,1,77,1,4,1,0,0,7.36,,,1,0,15,0.228,0.412,0.338,0.33,0.328,0.184,71.0,21.3,9.7,7.4,27.8,21.3,7.2,10.0,9.9,-0.5,48.4,31.0,89.7,12.2,28.6,10.4,45.5,78.74471,94.726929459,28.1,47.0
"Scott, Tayler",605463,2025,33,24,27.1,134,111,34,17,9,2,6,24,18,17.9,13.4,0.306,0.586,0.402,0.988,0.28,0.337,24,25,0,1,82,1,2,0,0,0,7.9,,,12,0,22,0.263,0.498,0.415,0.382,0.374,0.235,71.1,16.8,19.9,14.8,38.4,28.6,7.3,7.0,9.6,-1.7,48.5,31.4,89.0,10.0,37.4,11.0,44.0,76.901443182,94.95786023,27.7,43.1
"Backhus, Kyle",679775,2025,27,32,25.1,115,99,28,17,7,1,3,22,8,19.1,7.0,0.283,0.465,0.348,0.813,0.182,0.329,13,14,2,2,76,0,3,1,0,0,4.62,,,0,0,6,0.266,0.409,0.35,0.328,0.337,0.143,71.0,15.4,16.0,12.8,36.0,28.8,7.1,5.0,8.3,-0.8,34.0,33.2,89.1,13.1,43.9,4.9,35.4,78.970280769,93.686292436,21.8,45.8
"Curtiss, John",595928,2025,32,30,36.2,141,135,29,16,8,0,5,24,5,17.0,3.5,0.215,0.385,0.243,0.628,0.17,0.226,16,18,1,0,110,3,2,0,0,0,3.93,,,0,0,20,0.263,0.463,0.27,0.32,0.289,0.2,72.0,27.0,12.3,9.9,29.9,24.2,7.1,5.0,9.2,0.3,59.1,30.4,90.0,16.6,44.6,8.9,42.9,79.690204727,94.392163455,20.4,52.3
"Crismatt, Nabil",622503,2025,30,8,34.0,153,142,40,28,4,2,6,25,9,16.3,5.9,0.282,0.465,0.327,0.792,0.183,0.304,14,20,0,0,102,3,0,1,0,0,3.71,,,5,1,25,0.28,0.436,0.34,0.331,0.325,0.156,72.4,25.0,15.1,11.4,38.5,29.2,7.6,1.0,14.4,-11.1,48.7,33.8,87.9,11.2,38.1,5.1,29.7,78.087486552,92.987057739,23.8,47.2
"Brigham, Jeff",656257,2025,33,4,3.1,18,17,7,6,0,0,1,3,1,16.7,5.6,0.412,0.588,0.444,1.032,0.176,0.462,3,3,0,0,10,0,0,0,0,0,8.1,,,0,0,1,0.415,0.669,0.446,0.476,0.447,0.254,72.7,31.0,12.0,10.3,32.0,27.6,7.1,0.0,7.2,4.4,58.6,32.1,91.6,15.2,57.1,7.1,57.1,79.816192857,96.573445714,12.5,50.8
"Kelly, Merrill",518876,2025,36,32,184.0,748,696,157,96,35,3,23,167,48,22.3,6.4,0.226,0.384,0.277,0.661,0.158,0.264,72,79,0,0,552,12,9,1,2,0,3.52,,,14,18,96,0.25,0.431,0.288,0.316,0.3,0.181,72.7,33.1,15.8,12.3,32.6,25.4,7.5,33.0,11.3,-3.6,54.6,33.7,90.2,13.8,32.4,9.2,43.5,79.116163359,94.908594218,24.1,49.3
"Thompson, Ryan",657044,2025,33,48,41.1,175,160,42,31,7,0,4,36,13,20.6,7.4,0.263,0.381,0.326,0.707,0.118,0.317,18,21,1,3,124,3,2,0,1,0,3.92,,,10,0,14,0.234,0.381,0.308,0.296,0.3,0.147,71.7,25.4,19.4,15.2,36.8,28.9,7.4,8.0,9.8,-4.2,46.9,34.8,89.9,7.8,30.6,8.1,40.3,78.281544839,94.890948145,25.3,48.6
"Nelson, Ryne",669194,2025,27,33,154.0,619,572,124,73,25,9,17,132,41,21.3,6.6,0.217,0.381,0.273,0.654,0.164,0.252,58,62,1,1,462,7,3,1,0,0,3.39,,,1,11,97,0.245,0.411,0.284,0.308,0.299,0.166,71.4,22.1,14.2,11.4,35.4,28.4,7.0,20.0,7.7,2.4,50.8,31.4,91.4,14.3,36.2,7.5,45.5,81.990156636,94.984519659,21.6,50.4
"Miller, Shelby",571946,2025,34,48,46.0,186,164,33,23,5,0,5,54,15,29.0,8.1,0.201,0.323,0.28,0.603,0.122,0.259,14,17,10,5,138,4,3,1,0,0,2.74,,,8,0,26,0.226,0.379,0.26,0.292,0.303,0.153,71.8,23.2,14.3,9.9,30.4,21.0,7.2,4.0,8.5,1.2,49.7,31.1,89.3,15.7,36.3,8.8,42.5,77.622792143,94.659739196,31.7,50.5
"Pope, Austin",687166,2025,26,1,2.0,9,8,2,2,0,0,0,1,1,11.1,11.1,0.25,0.25,0.333,0.583,0.0,0.286,0,0,0,0,6,0,0,0,0,0,0.0,,,0,0,0,0.36,0.428,0.273,0.382,0.431,0.068,69.8,6.7,23.1,20.0,53.8,46.7,7.0,0.0,4.5,6.7,53.3,32.4,92.9,0.0,28.6,0.0,42.9,84.3415725,95.175508571,12.5,44.4
"Díaz, Yilber",700270,2025,24,1,3.0,15,12,4,2,2,0,0,1,3,6.7,20.0,0.333,0.5,0.467,0.967,0.167,0.364,3,3,0,0,9,0,0,1,0,0,9.0,,,0,0,1,0.376,0.686,0.423,0.499,0.501,0.311,74.8,52.9,18.8,17.6,31.3,29.4,7.4,0.0,11.0,1.3,64.7,30.5,98.1,16.2,36.4,9.1,63.6,91.310493333,98.328471818,8.7,38.3
"Beeks, Jalen",656222,2025,31,61,57.1,231,208,42,25,11,0,6,47,20,20.3,8.7,0.202,0.341,0.277,0.618,0.139,0.231,24,26,1,2,172,5,3,1,0,0,3.77,,,5,0,36,0.235,0.398,0.271,0.306,0.308,0.163,72.5,26.5,12.8,9.4,28.6,21.0,7.2,5.0,9.3,-1.3,48.8,31.7,88.5,12.5,29.0,10.5,39.5,76.33152625,94.389777875,27.7,49.2
"Woodford, Jake",663765,2025,28,22,36.1,170,151,45,33,8,1,3,23,13,13.5,7.6,0.298,0.424,0.363,0.787,0.126,0.333,26,28,3,4,109,0,4,1,0,0,6.44,,,2,0,13,0.289,0.428,0.343,0.345,0.357,0.139,71.9,23.9,13.5,11.4,32.6,27.5,7.2,2.0,9.2,-2.0,51.4,33.2,86.1,10.4,35.1,6.9,33.6,73.794609844,93.234400625,16.4,45.8
"Saalfrank, Andrew",685314,2025,27,28,29.0,113,101,19,14,4,0,1,19,10,16.8,8.8,0.188,0.257,0.257,0.514,0.069,0.217,4,5,3,2,87,2,1,2,0,0,1.24,,,5,0,14,0.242,0.422,0.229,0.312,0.306,0.18,72.1,24.7,19.4,14.6,40.3,30.3,7.7,6.0,14.8,-8.4,58.4,34.2,88.9,12.4,34.5,7.1,40.5,78.468488333,93.839457381,27.9,47.1
"Burgos, Juan",686228,2025,25,13,13.1,65,56,17,10,5,0,2,14,8,21.5,12.3,0.304,0.5,0.4,0.9,0.196,0.375,9,10,0,1,40,1,1,0,0,0,6.08,,,1,0,6,0.256,0.495,0.386,0.364,0.359,0.239,72.6,31.9,14.3,11.0,31.4,24.2,7.6,5.0,12.5,-7.4,54.9,32.2,88.1,12.8,31.0,14.3,35.7,76.702085238,93.772423571,26.9,47.3
"Kelly, Casey",543391,2025,35,2,1.2,6,5,1,1,0,0,0,0,1,0.0,16.7,0.2,0.2,0.333,0.533,0.0,0.2,0,0,0,0,5,0,0,1,0,0,0.0,,,0,0,0,0.229,0.294,0.262,0.305,0.358,0.065,69.0,14.3,16.7,14.3,50.0,42.9,7.6,0.0,12.8,-9.8,57.1,35.4,89.4,19.5,20.0,0.0,40.0,83.421953333,92.481762,20.0,41.7
"Garcia, Brandyn",805299,2025,25,14,14.1,66,57,18,15,3,0,0,14,8,21.2,12.1,0.316,0.368,0.409,0.777,0.052,0.419,9,12,0,0,43,0,2,1,0,0,5.65,,,1,0,3,0.256,0.338,0.352,0.317,0.358,0.082,71.3,20.8,17.1,13.9,31.7,25.7,7.1,3.0,4.9,3.9,42.6,35.2,90.9,2.0,32.6,2.3,51.2,78.770419048,96.062062619,22.1,44.0
"Abner, Philip",691769,2025,23,5,3.2,18,15,5,3,2,0,0,5,3,27.8,16.7,0.333,0.467,0.444,0.911,0.134,0.5,2,2,0,0,11,0,0,0,0,0,4.91,,,0,0,1,0.182,0.374,0.401,0.311,0.319,0.192,74.2,44.4,8.7,7.4,21.7,18.5,7.1,2.0,9.4,-2.5,66.7,27.4,85.9,27.3,30.0,10.0,20.0,77.186834,91.314063,24.2,46.5
"Puk, A.J.",640462,2025,30,8,8.0,35,32,8,3,3,0,2,12,2,34.3,5.7,0.25,0.531,0.314,0.845,0.281,0.333,3,3,4,0,24,0,0,1,0,0,3.38,,,3,0,0,0.199,0.326,0.36,0.265,0.268,0.127,70.2,16.4,2.0,1.4,30.0,20.5,7.0,0.0,6.9,-0.8,45.2,30.9,86.7,19.3,40.0,5.0,25.0,77.192733,92.4729705,32.5,53.2
