"last_name, first_name",player_id,year,player_age,ab,pa,hit,single,double,triple,home_run,strikeout,walk,k_percent,bb_percent,batting_avg,slg_percent,on_base_percent,on_base_plus_slg,isolated_power,babip,b_rbi,b_lob,b_total_bases,r_total_caught_stealing,r_total_stolen_base,xba,xslg,woba,xwoba,xobp,xiso,avg_swing_speed,fast_swing_rate,blasts_contact,blasts_swing,squared_up_contact,squared_up_swing,avg_swing_length,swords,attack_angle,attack_direction,ideal_angle_rate,vertical_swing_path,exit_velocity_avg,launch_angle_avg,sweet_spot_percent,barrel_batted_rate
"Peralta, David",444482,2021,33,487,538,126,80,30,8,8,92,46,17.1,8.6,0.259,0.402,0.325,0.727,0.143,0.303,63,214,196,1,2,0.239,0.346,0.314,0.294,0.31,0.107,,,,,,,,,,,,,89.3,5.3,27.2,5.0
"Cabrera, Asdrúbal",452678,2021,35,309,352,71,43,21,0,7,80,36,22.7,10.2,0.23,0.366,0.313,0.679,0.136,0.283,42,151,113,0,1,0.212,0.339,0.297,0.288,0.3,0.127,,,,,,,,,,,,,87.8,14.5,30.0,6.0
"Escobar, Eduardo",500871,2021,32,549,599,139,80,26,5,28,124,48,20.7,8.0,0.253,0.472,0.314,0.786,0.219,0.279,90,255,259,0,1,0.246,0.46,0.334,0.329,0.307,0.214,,,,,,,,,,,,,87.0,20.8,38.0,8.9
"Reddick, Josh",502210,2021,34,151,158,39,26,11,0,2,31,6,19.6,3.8,0.258,0.371,0.285,0.656,0.113,0.311,21,62,56,0,0,0.262,0.386,0.283,0.292,0.288,0.124,,,,,,,,,,,,,85.1,16.8,40.5,2.5
"Bumgarner, Madison",518516,2021,31,39,52,4,3,1,0,0,29,9,55.8,17.3,0.103,0.128,0.28,0.408,0.025,0.364,3,31,5,0,0,0.092,0.143,0.217,0.217,0.272,0.051,,,,,,,,,,,,,87.2,24.7,46.2,7.7
"Kelly, Merrill",518876,2021,32,47,58,3,2,1,0,0,27,4,46.6,6.9,0.064,0.085,0.137,0.222,0.021,0.15,1,38,4,0,0,0.066,0.075,0.113,0.113,0.139,0.009,,,,,,,,,,,,,76.4,-3.6,11.1,0.0
"Vogt, Stephen",519390,2021,36,210,238,41,27,6,1,7,56,26,23.5,10.9,0.195,0.333,0.283,0.616,0.138,0.23,25,100,70,0,0,0.213,0.371,0.27,0.295,0.3,0.158,,,,,,,,,,,,,88.5,19.2,32.1,5.1
"Vargas, Ildemaro",545121,2021,29,77,83,12,8,3,1,0,17,6,20.5,7.2,0.156,0.221,0.217,0.438,0.065,0.2,7,47,17,0,1,0.211,0.281,0.192,0.245,0.268,0.07,,,,,,,,,,,,,84.6,2.8,28.3,1.7
"Walker, Christian",572233,2021,30,401,445,98,64,23,1,10,106,38,23.8,8.5,0.244,0.382,0.315,0.697,0.138,0.307,46,174,153,0,0,0.246,0.396,0.304,0.314,0.317,0.15,,,,,,,,,,,,,88.8,15.6,34.0,6.4
"Holaday, Bryan",592407,2021,33,31,34,6,4,2,0,0,15,1,44.1,2.9,0.194,0.258,0.265,0.523,0.064,0.375,1,16,8,0,0,0.143,0.191,0.239,0.194,0.219,0.048,,,,,,,,,,,,,88.4,22.8,31.3,0.0
"Ramos, Henry",592656,2021,29,50,55,10,7,2,0,1,12,4,21.8,7.3,0.2,0.3,0.255,0.555,0.1,0.237,8,19,15,0,0,0.211,0.323,0.244,0.262,0.266,0.112,,,,,,,,,,,,,87.3,13.7,23.1,5.1
"Smith, Caleb",592761,2021,29,22,25,2,1,1,0,0,14,1,56.0,4.0,0.091,0.136,0.167,0.303,0.045,0.25,0,8,3,0,1,0.091,0.129,0.147,0.153,0.166,0.039,,,,,,,,,,,,,74.2,-16.8,22.2,0.0
"Calhoun, Kole",594777,2021,33,166,182,39,26,8,0,5,41,15,22.5,8.2,0.235,0.373,0.297,0.67,0.138,0.281,17,87,62,0,1,0.217,0.405,0.292,0.298,0.282,0.188,,,,,,,,,,,,,88.5,17.3,38.1,6.3
"Weaver, Luke",596133,2021,27,19,22,2,2,0,0,0,12,1,54.5,4.5,0.105,0.105,0.15,0.255,0.0,0.286,1,11,2,0,0,0.096,0.112,0.122,0.123,0.141,0.017,,,,,,,,,,,,,85.8,-2.1,33.3,0.0
"Ahmed, Nick",605113,2021,31,434,473,96,58,30,3,5,104,34,22.0,7.2,0.221,0.339,0.28,0.619,0.118,0.279,38,193,147,2,7,0.207,0.298,0.269,0.253,0.268,0.091,,,,,,,,,,,,,87.2,10.1,27.9,2.4
"Marte, Ketel",606466,2021,27,340,374,108,64,29,1,14,60,31,16.0,8.3,0.318,0.532,0.377,0.909,0.214,0.352,50,107,181,0,2,0.301,0.496,0.385,0.371,0.364,0.195,,,,,,,,,,,,,91.1,10.3,33.5,8.9
"Hager, Jake",606993,2021,28,26,30,3,3,0,0,0,14,4,46.7,13.3,0.115,0.115,0.233,0.348,0.0,0.25,2,9,3,0,0,0.164,0.203,0.18,0.231,0.275,0.039,,,,,,,,,,,,,86.2,5.8,50.0,0.0
"Kelly, Carson",608348,2021,26,304,359,73,48,11,1,13,74,44,20.6,12.3,0.24,0.411,0.343,0.754,0.171,0.27,46,147,125,0,0,0.25,0.431,0.328,0.345,0.354,0.182,,,,,,,,,,,,,88.2,18.6,37.9,8.5
"Mathisen, Wyatt",621500,2021,27,42,51,5,4,0,0,1,21,5,41.2,9.8,0.119,0.19,0.255,0.445,0.071,0.19,8,26,8,0,0,0.174,0.277,0.219,0.269,0.3,0.103,,,,,,,,,,,,,86.8,23.7,31.8,4.5
"Locastro, Tim",641796,2021,28,139,156,25,19,4,0,2,33,7,21.2,4.5,0.18,0.252,0.263,0.515,0.072,0.219,7,63,35,3,5,0.208,0.278,0.237,0.262,0.289,0.07,,,,,,,,,,,,,82.1,14.3,32.7,0.9
"Smith, Riley",642092,2021,26,16,17,0,0,0,0,0,11,0,64.7,0.0,0.0,0.0,0.0,0.0,0.0,0.0,0,7,0,0,0,0.063,0.075,0.0,0.06,0.063,0.013,,,,,,,,,,,,,86.5,16.6,33.3,0.0
"VanMeter, Josh",642165,2021,26,274,310,58,33,17,2,6,83,33,26.8,10.6,0.212,0.354,0.297,0.651,0.142,0.278,36,106,97,2,3,0.199,0.323,0.287,0.274,0.286,0.124,,,,,,,,,,,,,89.3,19.6,30.1,5.2
"Widener, Taylor",642203,2021,26,16,18,1,1,0,0,0,11,1,61.1,5.6,0.063,0.063,0.118,0.181,0.0,0.2,0,8,1,0,0,0.04,0.041,0.092,0.077,0.096,0.002,,,,,,,,,,,,,77.4,-10.0,0.0,0.0
"Leyba, Domingo",642736,2021,25,87,96,10,8,1,0,1,23,8,24.0,8.3,0.115,0.161,0.198,0.359,0.046,0.143,4,51,14,0,0,0.18,0.254,0.172,0.237,0.257,0.074,,,,,,,,,,,,,80.9,13.8,32.8,4.7
"Ellis, Drew",656403,2021,25,69,83,9,6,2,0,1,27,10,32.5,12.0,0.13,0.203,0.277,0.48,0.073,0.195,5,42,14,0,0,0.132,0.197,0.23,0.231,0.278,0.065,,,,,,,,,,,,,81.8,23.1,26.2,2.4
"Fairchild, Stuart",656413,2021,25,15,17,2,1,1,0,0,3,1,17.6,5.9,0.133,0.2,0.235,0.435,0.067,0.167,2,8,3,0,0,0.225,0.276,0.208,0.278,0.316,0.051,,,,,,,,,,,,,81.3,12.9,33.3,0.0
"Gilbert, Tyler",656457,2021,27,9,11,0,0,0,0,0,6,0,54.5,0.0,0.0,0.0,0.0,0.0,0.0,0.0,0,8,0,0,0,0.079,0.085,0.0,0.075,0.079,0.006,,,,,,,,,,,,,64.9,-54.6,0.0,0.0
"Smith, Pavin",656976,2021,25,498,545,133,91,27,4,11,106,42,19.4,7.7,0.267,0.404,0.328,0.732,0.137,0.319,49,182,201,0,1,0.251,0.404,0.318,0.315,0.315,0.153,,,,,,,,,,,,,87.2,9.0,33.6,5.1
"Varsho, Daulton",662139,2021,24,284,315,70,40,17,2,11,67,30,21.3,9.5,0.246,0.437,0.318,0.755,0.191,0.286,38,123,124,0,6,0.245,0.436,0.322,0.324,0.317,0.191,,,,,,,,,,,,,87.7,18.0,31.7,7.3
"McCarthy, Jake",664983,2021,23,59,70,13,8,3,0,2,23,8,32.9,11.4,0.22,0.373,0.333,0.706,0.153,0.324,4,31,22,2,3,0.155,0.247,0.315,0.252,0.279,0.092,,,,,,,,,,,,,80.0,2.3,18.9,2.7
"Beer, Seth",666179,2021,24,9,10,4,2,1,0,1,3,1,30.0,10.0,0.444,0.889,0.5,1.389,0.445,0.6,3,3,8,0,0,0.419,0.621,0.57,0.469,0.477,0.202,,,,,,,,,,,,,88.5,22.3,83.3,0.0
"Gallen, Zac",668678,2021,25,32,42,6,4,2,0,0,18,1,42.9,2.4,0.188,0.25,0.212,0.462,0.062,0.429,3,22,8,0,0,0.148,0.19,0.203,0.163,0.174,0.042,,,,,,,,,,,,,96.2,3.7,21.7,0.0
"Rojas, Josh",668942,2021,27,484,550,128,82,32,3,11,137,58,24.9,10.5,0.264,0.411,0.341,0.752,0.147,0.345,44,194,199,4,9,0.228,0.352,0.327,0.295,0.31,0.124,,,,,,,,,,,,,88.2,8.4,40.7,4.8
"Heath, Nick",670084,2021,27,35,39,5,4,1,0,0,15,4,38.5,10.3,0.143,0.171,0.231,0.402,0.028,0.25,1,22,6,2,0,0.176,0.21,0.18,0.212,0.261,0.034,,,,,,,,,,,,,84.8,17.2,35.0,0.0
"Young, Andrew",670370,2021,27,91,104,19,6,7,0,6,45,6,43.3,5.8,0.209,0.484,0.298,0.782,0.275,0.317,15,43,44,0,0,0.19,0.439,0.332,0.313,0.283,0.249,,,,,,,,,,,,,88.8,13.3,44.7,17.0
"Perdomo, Geraldo",672695,2021,21,31,37,8,4,3,1,0,6,6,16.2,16.2,0.258,0.419,0.378,0.797,0.161,0.32,1,17,13,0,0,0.199,0.329,0.331,0.279,0.329,0.131,,,,,,,,,,,,,86.5,18.7,32.0,4.0
"Peacock, Matt",676840,2021,27,16,17,4,4,0,0,0,4,1,23.5,5.9,0.25,0.25,0.294,0.544,0.0,0.333,2,10,4,0,1,0.186,0.208,0.248,0.217,0.234,0.022,,,,,,,,,,,,,79.4,-11.3,16.7,0.0
"Peralta, David",444482,2022,34,439,490,110,65,30,3,12,114,41,23.3,8.4,0.251,0.415,0.316,0.731,0.164,0.307,59,186,182,3,1,0.248,0.418,0.315,0.317,0.317,0.17,,,,,,,,,,,,,90.3,15.1,35.0,8.5
"Davidson, Matt",571602,2022,31,34,37,5,3,0,0,2,13,3,35.1,8.1,0.147,0.324,0.216,0.54,0.177,0.158,3,16,11,1,0,0.183,0.412,0.24,0.284,0.25,0.229,,,,,,,,,,,,,87.3,13.1,23.8,14.3
"Walker, Christian",572233,2022,31,583,667,141,78,25,2,36,131,69,19.6,10.3,0.242,0.477,0.327,0.804,0.235,0.248,94,259,278,2,2,0.256,0.497,0.346,0.362,0.343,0.241,,,,,,,,,,,,,90.0,17.0,33.3,11.5
"Ahmed, Nick",605113,2022,32,52,54,12,7,2,0,3,15,2,27.8,3.7,0.231,0.442,0.259,0.701,0.211,0.265,7,23,23,1,0,0.192,0.311,0.302,0.233,0.222,0.119,,,,,,,,,,,,,86.9,4.4,32.4,5.4
"Marte, Ketel",606466,2022,28,492,558,118,62,42,2,12,101,55,18.1,9.9,0.24,0.407,0.321,0.728,0.167,0.276,52,192,200,1,5,0.247,0.388,0.317,0.317,0.33,0.14,,,,,,,,,,,,,90.1,13.5,31.6,6.1
"Hager, Jake",606993,2022,29,50,59,12,10,2,0,0,17,8,28.8,13.6,0.24,0.28,0.345,0.625,0.04,0.364,3,21,14,0,0,0.167,0.258,0.291,0.254,0.282,0.092,,,,,,,,,,,,,80.8,13.9,32.4,5.9
"Kelly, Carson",608348,2022,27,317,354,67,42,18,0,7,71,29,20.1,8.2,0.211,0.334,0.282,0.616,0.123,0.247,35,159,106,0,2,0.225,0.362,0.275,0.293,0.297,0.138,,,,,,,,,,,,,87.7,14.7,33.2,5.2
"Alcántara, Sergio",642727,2022,25,205,224,45,30,8,1,6,57,12,25.4,5.4,0.22,0.356,0.261,0.617,0.136,0.267,29,107,73,2,1,0.209,0.297,0.269,0.247,0.254,0.089,,,,,,,,,,,,,86.6,13.5,32.5,1.9
"Ellis, Drew",656403,2022,26,16,17,3,2,1,0,0,7,1,41.2,5.9,0.188,0.25,0.235,0.485,0.062,0.333,1,3,4,0,0,0.179,0.25,0.219,0.215,0.227,0.071,,,,,,,,,,,,,88.4,9.4,44.4,0.0
"Garrett, Stone",656448,2022,26,76,84,21,9,8,0,4,27,3,32.1,3.6,0.276,0.539,0.309,0.848,0.263,0.37,10,26,41,1,3,0.198,0.383,0.36,0.271,0.24,0.185,,,,,,,,,,,,,92.9,22.8,28.0,10.0
"Luplow, Jordan",656669,2022,28,205,234,36,20,5,0,11,60,25,25.6,10.7,0.176,0.361,0.274,0.635,0.185,0.185,28,105,74,1,5,0.198,0.368,0.281,0.292,0.294,0.17,,,,,,,,,,,,,87.2,17.7,24.0,7.5
"Rivera, Emmanuel",656896,2022,26,330,359,77,46,16,3,12,83,23,23.1,6.4,0.233,0.409,0.292,0.701,0.176,0.275,40,144,135,2,1,0.234,0.418,0.306,0.309,0.293,0.185,,,,,,,,,,,,,90.4,9.8,32.3,9.3
"Smith, Pavin",656976,2022,26,245,277,54,36,9,0,9,67,28,24.2,10.1,0.22,0.367,0.3,0.667,0.147,0.262,33,105,90,0,1,0.212,0.38,0.294,0.301,0.296,0.168,,,,,,,,,,,,,87.9,15.2,28.7,9.9
"Hernández, Yonny",660634,2022,24,24,28,2,2,0,0,0,4,2,14.3,7.1,0.083,0.083,0.154,0.237,0.0,0.1,0,20,2,0,2,0.167,0.208,0.121,0.204,0.231,0.041,,,,,,,,,,,,,82.3,-12.5,22.7,0.0
"Varsho, Daulton",662139,2022,25,531,592,125,72,23,3,27,145,46,24.5,7.8,0.235,0.443,0.302,0.745,0.208,0.269,74,181,235,6,16,0.213,0.401,0.323,0.301,0.284,0.189,,,,,,,,,,,,,87.7,14.9,33.6,10.2
"McCarthy, Jake",664983,2022,24,321,354,91,64,16,3,8,76,23,21.5,6.5,0.283,0.427,0.342,0.769,0.144,0.349,43,115,137,3,23,0.253,0.374,0.337,0.305,0.314,0.121,,,,,,,,,,,,,87.4,8.0,32.5,4.8
"Beer, Seth",666179,2022,25,111,126,21,17,3,0,1,31,11,24.6,8.7,0.189,0.243,0.278,0.521,0.054,0.25,9,42,27,0,0,0.211,0.331,0.239,0.28,0.298,0.12,,,,,,,,,,,,,85.9,10.7,33.3,3.7
"Rojas, Josh",668942,2022,28,443,510,119,84,25,1,9,98,55,19.2,10.8,0.269,0.391,0.349,0.74,0.122,0.323,56,156,173,3,23,0.239,0.373,0.326,0.308,0.324,0.135,,,,,,,,,,,,,88.8,11.9,33.5,4.5
"Hummel, Cooper",669450,2022,27,176,201,31,17,8,3,3,64,23,31.8,11.4,0.176,0.307,0.274,0.581,0.131,0.255,17,77,54,1,4,0.211,0.347,0.262,0.296,0.309,0.136,,,,,,,,,,,,,87.6,7.7,30.1,7.1
"Kennedy, Buddy",671083,2022,23,83,94,18,13,2,2,1,23,8,24.5,8.5,0.217,0.325,0.287,0.612,0.108,0.279,12,23,27,0,0,0.196,0.287,0.271,0.257,0.275,0.091,,,,,,,,,,,,,88.6,13.0,38.7,1.6
"Perdomo, Geraldo",672695,2022,22,431,500,84,67,10,2,5,103,50,20.6,10.0,0.195,0.262,0.285,0.547,0.067,0.243,40,168,113,2,9,0.215,0.294,0.253,0.274,0.304,0.078,,,,,,,,,,,,,85.0,12.1,28.1,2.0
"Thomas, Alek",677950,2022,22,381,411,88,62,17,1,8,74,22,18.0,5.4,0.231,0.344,0.275,0.619,0.113,0.263,39,162,131,3,4,0.237,0.345,0.272,0.28,0.284,0.108,,,,,,,,,,,,,87.4,2.6,27.9,3.8
"Carroll, Corbin",682998,2022,21,104,115,27,12,9,2,4,31,8,27.0,7.0,0.26,0.5,0.33,0.83,0.24,0.333,14,46,52,1,2,0.222,0.372,0.358,0.297,0.296,0.15,,,,,,,,,,,,,85.8,9.1,34.2,5.5
"Longoria, Evan",446334,2023,37,211,237,47,27,9,0,11,73,23,30.8,9.7,0.223,0.422,0.295,0.717,0.199,0.277,28,102,89,0,0,0.228,0.451,0.308,0.324,0.302,0.223,72.0,19.8,13.1,9.9,40.5,30.6,7.8,2.0,15.3,-4.7,52.3,37.5,92.2,15.6,37.6,10.6
"Pham, Tommy",502054,2023,35,426,481,109,63,27,3,16,106,47,22.0,9.8,0.256,0.446,0.328,0.774,0.19,0.3,68,171,190,3,22,0.278,0.475,0.332,0.359,0.353,0.197,73.8,41.9,20.9,16.5,38.8,30.8,6.9,8.0,6.6,-0.8,40.5,28.4,92.3,5.7,34.4,10.7
"Walker, Christian",572233,2023,32,582,661,150,79,36,2,33,127,62,19.2,9.4,0.258,0.497,0.333,0.83,0.239,0.272,103,262,289,0,11,0.247,0.465,0.351,0.34,0.325,0.219,75.0,49.7,15.1,11.0,26.6,19.4,7.4,17.0,8.2,-4.7,46.4,30.8,88.0,15.8,32.6,11.4
"Ahmed, Nick",605113,2023,33,198,210,42,29,10,1,2,52,12,24.8,5.7,0.212,0.303,0.257,0.56,0.091,0.278,17,92,60,1,5,0.225,0.328,0.247,0.264,0.269,0.104,69.7,13.9,11.8,8.9,32.9,24.8,7.3,0.0,11.7,-0.1,61.4,27.0,85.2,12.8,32.9,2.7
"Marte, Ketel",606466,2023,29,569,650,157,97,26,9,25,109,71,16.8,10.9,0.276,0.485,0.358,0.843,0.209,0.3,82,220,276,2,8,0.262,0.43,0.361,0.342,0.349,0.169,73.1,33.9,17.4,13.8,31.6,25.1,7.5,8.0,8.0,-7.4,52.3,32.8,91.1,10.7,30.8,8.0
"Peterson, Jace",607054,2023,33,374,430,79,59,10,4,6,101,47,23.5,10.9,0.211,0.307,0.304,0.611,0.096,0.27,37,159,115,2,15,0.212,0.334,0.275,0.287,0.306,0.122,67.6,4.9,5.3,3.9,35.5,26.3,6.9,3.0,12.5,-6.7,53.7,33.2,85.7,14.4,33.5,4.7
"Kelly, Carson",608348,2023,28,136,151,28,21,5,0,2,40,14,26.5,9.3,0.206,0.287,0.278,0.565,0.081,0.274,13,57,39,0,1,0.185,0.286,0.255,0.248,0.262,0.101,70.4,6.7,11.0,8.1,33.9,24.8,7.1,0.0,11.1,-3.2,55.0,31.5,86.8,15.6,27.8,2.1
"Lewis, Kyle",641786,2023,27,51,54,8,5,2,0,1,21,3,38.9,5.6,0.157,0.255,0.204,0.459,0.098,0.241,2,15,13,0,0,0.179,0.264,0.204,0.217,0.225,0.084,71.0,14.3,10.0,5.7,25.0,14.3,7.1,0.0,17.4,0.0,42.9,38.9,89.1,23.6,26.7,6.7
"Rivera, Emmanuel",656896,2023,27,257,283,67,50,13,0,4,56,22,19.8,7.8,0.261,0.358,0.314,0.672,0.097,0.313,29,106,92,0,1,0.261,0.404,0.295,0.315,0.317,0.143,69.4,6.0,12.0,8.3,41.0,28.6,7.0,4.0,8.4,-0.1,50.6,34.2,90.7,11.2,35.6,5.9
"Smith, Pavin",656976,2023,27,191,228,36,24,5,0,7,45,35,19.7,15.4,0.188,0.325,0.317,0.642,0.137,0.209,30,88,62,1,1,0.221,0.39,0.293,0.328,0.345,0.169,72.7,11.8,6.3,5.9,18.8,17.6,7.5,1.0,12.6,-8.2,64.7,32.4,89.9,13.8,34.9,7.5
"Zavala, Seby",664874,2023,29,175,193,30,19,4,0,7,70,12,36.3,6.2,0.171,0.314,0.23,0.544,0.143,0.23,18,72,55,0,1,0.188,0.317,0.239,0.251,0.249,0.129,68.9,14.9,10.0,6.8,40.0,27.0,7.2,5.0,17.5,-3.0,51.4,40.9,87.5,14.9,34.9,5.5
"McCarthy, Jake",664983,2023,25,276,312,67,53,7,5,2,62,26,19.9,8.3,0.243,0.326,0.318,0.644,0.083,0.305,16,105,90,4,26,0.241,0.336,0.289,0.295,0.318,0.095,68.8,7.1,4.2,3.2,28.6,21.8,6.9,1.0,10.8,-3.1,56.4,34.6,85.3,7.5,32.0,2.3
"Fletcher, Dominic",666150,2023,25,93,102,28,20,5,1,2,22,7,21.6,6.9,0.301,0.441,0.35,0.791,0.14,0.377,14,36,41,2,0,0.223,0.339,0.34,0.267,0.278,0.116,,,,,,,,,,,,,89.7,8.5,38.4,4.1
"Rojas, Josh",668942,2023,29,314,350,77,56,17,0,4,81,27,23.1,7.7,0.245,0.338,0.303,0.641,0.093,0.313,40,125,106,0,12,0.228,0.331,0.284,0.278,0.29,0.103,67.9,0.9,9.5,7.4,39.1,30.4,7.3,3.0,11.8,-2.6,58.7,33.3,87.1,13.0,35.6,3.8
"Kennedy, Buddy",671083,2023,24,24,29,4,3,1,0,0,6,4,20.7,13.8,0.167,0.208,0.31,0.518,0.041,0.222,1,14,5,0,0,0.225,0.285,0.255,0.304,0.358,0.06,69.8,5.0,6.9,5.0,44.8,32.5,7.3,0.0,5.5,-9.8,45.0,36.7,84.8,15.3,44.4,0.0
"Moreno, Gabriel",672515,2023,23,341,380,97,70,19,1,7,75,29,19.7,7.6,0.284,0.408,0.339,0.747,0.124,0.338,50,154,139,2,6,0.264,0.391,0.325,0.316,0.325,0.127,70.3,13.3,16.5,14.2,34.5,29.6,7.1,4.0,7.3,7.8,40.8,35.3,89.8,4.2,32.6,4.8
"Perdomo, Geraldo",672695,2023,23,407,495,100,70,20,4,6,86,64,17.4,12.9,0.246,0.359,0.353,0.712,0.113,0.295,47,177,146,4,16,0.203,0.277,0.319,0.277,0.318,0.074,65.7,2.5,4.5,3.9,42.0,36.3,6.7,12.0,9.5,-1.2,47.9,35.8,85.7,16.4,35.4,0.9
"Thomas, Alek",677950,2023,23,374,402,86,55,17,5,9,86,19,21.4,4.7,0.23,0.374,0.273,0.647,0.144,0.273,39,141,140,1,9,0.247,0.374,0.278,0.291,0.29,0.128,69.9,6.2,14.6,11.5,39.6,31.2,6.8,18.0,7.9,0.3,60.6,27.9,88.9,2.2,28.3,5.1
"Carroll, Corbin",682998,2023,22,565,645,161,96,30,10,25,125,57,19.4,8.8,0.285,0.506,0.362,0.868,0.221,0.325,76,219,286,5,54,0.264,0.445,0.37,0.345,0.345,0.181,73.2,29.6,14.2,11.0,36.4,28.2,6.8,8.0,5.5,1.9,45.6,26.2,90.0,11.0,32.7,7.6
"Canzone, Dominic",686527,2023,25,173,182,38,19,13,0,6,32,8,17.6,4.4,0.22,0.399,0.258,0.657,0.179,0.237,21,89,69,0,1,0.255,0.489,0.282,0.332,0.292,0.233,70.9,13.1,20.7,15.5,42.3,31.8,7.2,3.0,17.5,-2.6,47.3,35.2,89.7,16.3,31.9,12.1
"Lawlar, Jordan",691783,2023,20,31,34,4,4,0,0,0,11,2,32.4,5.9,0.129,0.129,0.206,0.335,0.0,0.2,0,15,4,1,1,0.14,0.183,0.166,0.19,0.216,0.043,68.6,0.0,0.0,0.0,16.2,11.3,7.4,3.0,14.3,-0.8,58.5,36.2,77.8,13.9,15.0,0.0
"Grichuk, Randal",545341,2024,32,254,279,74,40,20,2,12,46,20,16.5,7.2,0.291,0.528,0.348,0.876,0.237,0.313,46,121,134,0,0,0.275,0.5,0.373,0.366,0.336,0.225,73.7,35.4,18.9,15.2,34.7,27.9,7.7,10.0,9.2,-8.3,62.6,28.3,90.6,17.3,34.3,11.0
"Suárez, Eugenio",553993,2024,32,571,640,146,86,28,2,30,176,49,27.5,7.7,0.256,0.469,0.319,0.788,0.213,0.309,101,266,268,1,2,0.246,0.463,0.337,0.335,0.313,0.217,72.2,21.5,15.0,10.8,30.7,22.2,7.8,34.0,17.5,-3.8,50.2,38.6,89.1,19.5,40.4,11.3
"Barnhart, Tucker",571466,2024,33,81,96,14,11,3,0,0,31,13,32.3,13.5,0.173,0.21,0.287,0.497,0.037,0.28,6,43,17,0,1,0.165,0.223,0.239,0.244,0.28,0.059,67.4,2.5,8.4,5.9,31.3,21.8,7.4,2.0,12.1,-3.6,44.5,33.3,83.4,3.2,34.6,3.8
"Walker, Christian",572233,2024,33,479,552,120,68,26,0,26,133,55,24.1,10.0,0.251,0.468,0.335,0.803,0.217,0.287,84,230,224,2,2,0.243,0.47,0.343,0.354,0.335,0.228,75.0,52.7,15.8,12.2,26.1,20.2,7.5,32.0,8.7,-3.7,46.9,30.3,91.2,16.6,35.0,13.3
"Pederson, Joc",592626,2024,32,367,449,101,60,17,1,23,105,55,23.4,12.2,0.275,0.515,0.393,0.908,0.24,0.322,64,140,189,4,7,0.259,0.486,0.391,0.378,0.381,0.227,73.4,37.3,16.0,12.3,29.1,22.3,7.7,10.0,10.0,-5.1,53.9,31.3,92.3,16.9,34.2,12.8
"Bell, Josh",605137,2024,31,538,603,134,90,23,2,19,120,51,19.9,8.5,0.249,0.405,0.319,0.724,0.156,0.286,71,221,218,1,0,0.233,0.402,0.317,0.312,0.306,0.169,70.4,15.0,15.4,11.6,36.1,27.3,7.9,15.0,9.2,1.3,53.5,35.1,88.9,10.5,31.4,7.6
"Marte, Ketel",606466,2024,30,504,583,147,86,23,2,36,106,65,18.2,11.1,0.292,0.56,0.372,0.932,0.268,0.299,95,172,282,1,7,0.289,0.545,0.391,0.394,0.374,0.256,73.7,40.6,20.3,16.2,38.1,30.5,7.6,6.0,9.1,-4.9,53.6,33.7,94.0,9.4,33.7,12.3
"Peterson, Jace",607054,2024,34,22,26,1,1,0,0,0,6,3,23.1,11.5,0.045,0.045,0.154,0.199,0.0,0.059,1,12,1,0,0,0.203,0.238,0.113,0.251,0.291,0.034,66.4,2.6,0.0,0.0,38.5,26.3,6.9,2.0,12.2,-5.0,50.0,34.9,82.6,-12.4,17.6,0.0
"Newman, Kevin",621028,2024,30,288,311,80,59,17,1,3,48,15,15.4,4.8,0.278,0.375,0.311,0.686,0.097,0.322,28,134,108,1,8,0.257,0.326,0.298,0.275,0.292,0.069,67.6,2.6,6.2,5.3,38.7,33.0,6.7,11.0,5.8,-0.1,44.6,32.3,85.6,9.7,25.0,1.6
"Guillorme, Luis",641645,2024,29,161,187,33,23,9,1,0,36,23,19.3,12.3,0.205,0.273,0.301,0.574,0.068,0.26,10,77,44,2,4,0.223,0.3,0.263,0.285,0.318,0.077,64.9,1.0,4.5,3.8,38.7,32.2,7.5,4.0,5.2,14.6,39.4,34.7,85.5,5.7,32.8,2.3
"Smith, Pavin",656976,2024,28,137,158,37,17,11,0,9,31,18,19.6,11.4,0.27,0.547,0.348,0.895,0.277,0.28,36,67,75,0,1,0.287,0.534,0.377,0.396,0.369,0.247,73.0,32.1,19.9,16.0,40.4,32.5,7.4,4.0,11.3,-3.7,53.3,31.3,90.2,13.1,34.9,14.7
"McCarthy, Jake",664983,2024,26,442,495,126,98,13,7,8,78,31,15.8,6.3,0.285,0.4,0.349,0.749,0.115,0.329,56,147,177,6,25,0.265,0.363,0.329,0.314,0.333,0.099,67.3,3.1,6.8,5.7,31.8,26.5,6.7,12.0,8.8,1.3,49.9,34.7,84.5,9.1,30.4,2.7
"Moreno, Gabriel",672515,2024,24,305,351,81,57,18,1,5,52,41,14.8,11.7,0.266,0.38,0.353,0.733,0.114,0.303,45,124,116,1,3,0.251,0.393,0.325,0.329,0.342,0.142,70.6,13.0,14.8,12.0,36.0,29.2,7.0,7.0,6.9,6.8,43.8,33.9,90.0,8.8,33.6,6.6
"Perdomo, Geraldo",672695,2024,24,337,388,92,66,21,2,3,58,36,14.9,9.3,0.273,0.374,0.344,0.718,0.101,0.317,37,143,126,1,9,0.231,0.326,0.317,0.287,0.307,0.096,66.9,2.2,7.6,6.6,38.4,33.6,6.8,11.0,8.9,-1.4,50.7,35.0,87.0,16.9,28.9,3.1
"Alexander, Blaze",677942,2024,25,166,185,41,31,7,0,3,49,15,26.5,8.1,0.247,0.343,0.321,0.664,0.096,0.333,21,80,57,1,3,0.203,0.29,0.298,0.262,0.281,0.087,73.1,30.4,11.5,8.1,28.2,19.9,7.3,6.0,7.2,4.8,37.8,34.3,88.5,8.5,22.9,3.4
"Thomas, Alek",677950,2024,24,95,103,18,9,5,1,3,17,7,16.5,6.8,0.189,0.358,0.245,0.603,0.169,0.2,17,51,34,1,4,0.277,0.46,0.262,0.344,0.326,0.184,70.9,8.1,18.7,14.7,44.9,35.3,7.1,5.0,10.8,-0.3,61.8,29.2,91.2,1.0,26.6,7.6
"Barrosa, Jorge",678489,2024,23,17,18,3,1,2,0,0,2,0,11.1,0.0,0.176,0.294,0.176,0.47,0.118,0.2,1,11,5,0,1,0.346,0.444,0.199,0.348,0.346,0.099,68.6,8.7,9.5,8.7,28.6,26.1,7.8,0.0,13.3,-6.2,65.2,25.2,83.2,9.5,31.3,6.3
"Carroll, Corbin",682998,2024,23,589,684,136,78,22,14,22,130,73,19.0,10.7,0.231,0.428,0.322,0.75,0.197,0.256,74,241,252,8,35,0.239,0.401,0.325,0.328,0.332,0.162,73.7,36.9,18.4,14.6,34.9,27.7,7.0,5.0,6.5,-0.3,53.0,22.5,89.3,12.0,27.8,7.2
"McCann, James",543510,2025,35,123,137,32,21,6,0,5,33,8,24.1,5.8,0.26,0.431,0.324,0.755,0.171,0.314,17,47,53,0,0,0.239,0.408,0.328,0.313,0.306,0.169,71.7,19.3,20.5,14.2,37.7,26.1,7.0,4.0,11.0,-3.6,45.0,36.0,92.3,8.3,30.4,7.6
"Vargas, Ildemaro",545121,2025,33,115,121,31,25,2,1,3,15,2,12.4,1.7,0.27,0.383,0.292,0.675,0.113,0.286,19,51,44,0,0,0.262,0.376,0.292,0.287,0.284,0.114,70.5,11.6,15.2,12.7,43.0,36.0,7.4,8.0,5.7,-6.6,46.6,23.6,89.2,3.3,26.5,3.9
"Grichuk, Randal",545341,2025,33,272,293,62,34,18,1,9,61,17,20.8,5.8,0.228,0.401,0.273,0.674,0.173,0.259,27,116,109,1,0,0.259,0.457,0.289,0.326,0.305,0.197,73.9,42.4,19.9,16.1,34.4,27.8,7.7,9.0,10.2,-6.3,64.6,28.3,92.4,17.6,33.6,11.7
"Suárez, Eugenio",553993,2025,33,588,657,134,57,28,0,49,196,46,29.8,7.0,0.228,0.526,0.298,0.824,0.298,0.243,118,267,309,1,4,0.211,0.463,0.347,0.32,0.285,0.252,72.3,26.5,15.4,10.8,31.6,22.1,7.8,57.0,18.5,-5.5,44.4,38.7,90.2,21.9,32.8,14.3
"Marte, Ketel",606466,2025,31,480,556,136,80,28,0,28,83,64,14.9,11.5,0.283,0.517,0.376,0.893,0.234,0.29,72,203,248,2,4,0.285,0.534,0.381,0.39,0.379,0.249,74.6,45.5,19.3,15.2,35.6,28.0,7.8,14.0,10.1,-7.2,61.5,32.0,90.8,14.8,33.0,13.5
"Hampson, Garrett",641658,2025,30,77,91,11,9,2,0,0,29,11,31.9,12.1,0.143,0.169,0.25,0.419,0.026,0.229,1,35,13,1,3,0.15,0.194,0.205,0.217,0.256,0.044,67.1,0.0,4.0,3.1,27.7,22.0,6.7,2.0,9.4,-2.9,48.0,30.5,84.3,22.5,25.5,2.0
"Naylor, Josh",647304,2025,28,543,604,160,110,29,1,20,83,48,13.7,7.9,0.295,0.462,0.353,0.815,0.167,0.315,92,231,251,2,30,0.271,0.436,0.351,0.335,0.335,0.166,71.0,17.9,16.3,13.0,39.2,31.2,7.6,21.0,7.5,-8.3,44.0,31.4,89.2,11.6,30.8,6.7
"Smith, Pavin",656976,2025,29,244,288,63,37,17,1,8,92,41,31.9,14.2,0.258,0.434,0.362,0.796,0.176,0.377,28,113,106,2,2,0.215,0.398,0.348,0.319,0.327,0.183,72.0,21.6,14.7,10.5,31.3,22.3,7.4,22.0,13.3,0.9,51.9,32.7,90.1,12.4,37.0,11.7
"English, Tristin",663536,2025,28,22,23,2,1,1,0,0,8,1,34.8,4.3,0.091,0.136,0.13,0.266,0.045,0.143,1,6,3,0,0,0.098,0.144,0.123,0.131,0.137,0.046,72.1,25.5,2.7,2.1,27.0,21.3,7.2,0.0,8.0,-4.6,42.6,31.7,91.7,13.2,35.7,0.0
"Kaiser, Connor",663731,2025,28,18,19,2,1,1,0,0,5,1,26.3,5.3,0.111,0.167,0.158,0.325,0.056,0.154,2,8,3,0,0,0.184,0.317,0.149,0.239,0.227,0.134,70.5,11.5,5.6,3.8,33.3,23.1,7.6,1.0,8.4,-5.3,50.0,30.4,82.1,29.5,38.5,7.7
"McCarthy, Jake",664983,2025,27,206,222,42,26,7,5,4,40,10,18.0,4.5,0.204,0.345,0.247,0.592,0.141,0.233,20,88,71,0,6,0.239,0.374,0.256,0.286,0.28,0.135,69.8,7.8,9.0,7.2,33.5,27.0,7.0,3.0,8.4,-1.2,48.1,32.4,84.7,6.5,28.2,5.3
"Moreno, Gabriel",672515,2025,25,277,309,79,57,12,1,9,53,29,17.2,9.4,0.285,0.433,0.353,0.786,0.148,0.323,40,121,120,2,2,0.279,0.453,0.34,0.346,0.349,0.174,70.9,15.9,13.5,11.4,36.9,31.1,6.9,9.0,8.3,4.4,51.1,33.8,90.4,14.4,39.8,7.1
"Perdomo, Geraldo",672695,2025,25,597,720,173,115,33,5,20,83,94,11.5,13.1,0.29,0.462,0.389,0.851,0.172,0.303,100,214,276,6,27,0.278,0.424,0.37,0.356,0.381,0.146,68.3,4.6,10.2,9.1,36.0,32.3,6.9,21.0,7.4,-1.8,49.9,35.4,87.6,15.5,36.2,6.2
"Alexander, Blaze",677942,2025,26,230,266,53,33,12,1,7,86,22,32.3,8.3,0.23,0.383,0.323,0.706,0.153,0.333,28,102,88,6,4,0.211,0.374,0.313,0.305,0.308,0.164,72.1,25.6,15.2,10.5,28.4,19.6,7.4,8.0,8.9,3.9,47.1,36.1,90.2,7.3,35.8,12.8
"Thomas, Alek",677950,2025,25,433,469,108,77,19,3,9,122,21,26.0,4.5,0.249,0.37,0.289,0.659,0.121,0.324,38,193,160,4,7,0.242,0.372,0.287,0.289,0.285,0.13,71.2,14.5,16.4,12.2,34.1,25.3,7.0,31.0,10.0,0.2,60.2,27.6,89.6,4.2,27.7,7.8
"Barrosa, Jorge",678489,2025,24,71,77,10,6,3,0,1,22,2,28.6,2.6,0.141,0.225,0.169,0.394,0.084,0.176,7,34,16,0,0,0.165,0.243,0.171,0.193,0.194,0.077,68.2,2.9,6.0,4.3,33.0,23.9,7.8,1.0,15.4,-6.6,58.0,27.9,87.8,7.7,26.9,0.0
"Locklear, Tyler",682988,2025,24,103,116,18,15,0,0,3,43,10,37.1,8.6,0.175,0.262,0.267,0.529,0.087,0.263,6,60,27,1,3,0.172,0.287,0.245,0.252,0.265,0.115,71.5,16.3,13.3,9.6,23.3,16.8,7.2,14.0,12.6,1.4,48.6,34.0,87.9,7.0,18.3,6.7
"Carroll, Corbin",682998,2025,24,564,642,146,66,32,17,31,153,67,23.8,10.4,0.259,0.541,0.343,0.884,0.282,0.299,84,205,305,6,32,0.262,0.529,0.371,0.372,0.348,0.267,74.7,45.6,19.4,14.9,30.4,23.3,7.3,20.0,11.0,-3.3,68.4,25.7,92.1,16.7,33.5,14.5
"Lawlar, Jordan",691783,2025,22,66,74,12,5,7,0,0,26,6,35.1,8.1,0.182,0.288,0.257,0.545,0.106,0.293,5,22,19,0,2,0.19,0.294,0.244,0.253,0.266,0.104,71.7,18.9,9.9,6.6,25.4,17.0,7.7,3.0,17.6,-13.3,48.1,34.2,87.0,17.2,36.6,4.9
"Tawa, Tim",694374,2025,26,199,225,40,25,8,0,7,64,20,28.4,8.9,0.201,0.347,0.274,0.621,0.146,0.252,18,102,69,2,8,0.206,0.368,0.273,0.29,0.284,0.162,73.1,31.0,16.5,11.3,30.9,21.2,7.1,10.0,11.1,-5.4,54.1,31.8,89.2,6.8,31.4,9.3
