Player,Age,Team,Lg,WAR,G,PA,AB,R,H,2B,3B,HR,RBI,SB,CS,BB,SO,BA,OBP,SLG,OPS,OPS+,rOBA,Rbat+,TB,GIDP,HBP,SH,SF,IBB,Pos,Awards,Player-additional,Year,Player-additional.1,player_clean,xwoba,xslg,xba,barrel_batted_rate,exit_velocity_avg,sweet_spot_percent,k_percent,bb_percent
Eduardo Escobar#,32,ARI,NL,2.2,98,400,370,50,91,14,3,22,65,1,0,29,85,0.246,0.3,0.478,0.778,107.0,0.337,106.0,177,1,0,0,1,1,54/H6,,escobed01,2021,,eduardo escobar,0.329,0.46,0.246,8.9,87.0,38.0,20.7,8.0
Josh Rojas*,27,ARI,NL,0.8,139,550,484,69,128,32,3,11,44,9,4,58,137,0.264,0.341,0.411,0.752,103.0,0.335,105.0,199,7,0,1,3,1,4697H5,,rojasjo01,2021,,josh rojas,0.295,0.352,0.228,4.8,88.2,40.7,24.9,10.5
Pavin Smith*,25,ARI,NL,-0.1,145,545,498,68,133,27,4,11,49,1,0,42,106,0.267,0.328,0.404,0.732,98.0,0.323,96.0,201,11,4,0,1,1,398H7,,smithpa04,2021,,pavin smith,0.315,0.404,0.251,5.1,87.2,33.6,19.4,7.7
David Peralta*,33,ARI,NL,1.2,150,538,487,57,126,30,8,8,63,2,1,46,92,0.259,0.325,0.402,0.728,96.0,0.319,94.0,196,9,3,0,2,3,*7H/1D,,peralda01,2021,,david peralta,0.294,0.346,0.239,5.0,89.3,27.2,17.1,8.6
Nick Ahmed,31,ARI,NL,0.8,129,473,434,46,96,30,3,5,38,7,2,34,104,0.221,0.28,0.339,0.619,67.0,0.28,65.0,147,9,2,2,1,3,*6/H,,ahmedni01,2021,,nick ahmed,0.253,0.298,0.207,2.4,87.2,27.9,22.0,7.2
Christian Walker,30,ARI,NL,0.6,115,445,401,55,98,23,1,10,46,0,0,38,106,0.244,0.315,0.382,0.696,88.0,0.307,86.0,153,8,4,0,2,1,3H/D,,walkech02,2021,,christian walker,0.314,0.396,0.246,6.4,88.8,34.0,23.8,8.5
Ketel Marte#,27,ARI,NL,1.9,90,374,340,52,108,29,1,14,50,2,0,31,60,0.318,0.377,0.532,0.909,143.0,0.39,143.0,181,8,2,0,1,3,84/H,,marteke01,2021,,ketel marte,0.371,0.496,0.301,8.9,91.1,33.5,16.0,8.3
Carson Kelly,26,ARI,NL,2.1,98,359,304,41,73,11,1,13,46,0,0,44,74,0.24,0.343,0.411,0.754,104.0,0.339,108.0,125,10,6,0,5,1,2H,,kellyca02,2021,,carson kelly,0.345,0.431,0.25,8.5,88.2,37.9,20.6,12.3
Asdrúbal Cabrera#,35,ARI,NL,0.9,90,321,283,34,69,21,0,7,40,1,0,33,73,0.244,0.324,0.392,0.716,93.0,0.317,92.0,111,6,2,0,3,1,5H3/1D6,,cabreas01,2021,,asdrúbal cabrera,0.288,0.339,0.212,6.0,87.8,30.0,22.7,10.2
Daulton Varsho*,24,ARI,NL,1.6,95,315,284,41,70,17,2,11,38,6,0,30,67,0.246,0.318,0.437,0.755,102.0,0.334,101.0,124,4,0,1,0,3,28H79,,varshda01,2021,,daulton varsho,0.324,0.436,0.245,7.3,87.7,31.7,21.3,9.5
Josh VanMeter*,26,ARI,NL,-0.2,112,310,274,26,58,17,2,6,36,3,2,33,83,0.212,0.297,0.354,0.651,76.0,0.295,78.0,97,5,1,0,2,0,4H5/379,,vanmejo01,2021,,josh vanmeter,0.274,0.323,0.199,5.2,89.3,30.1,26.8,10.6
Stephen Vogt*,36,ARI,NL,0.2,52,151,132,17,28,6,1,5,17,0,0,18,36,0.212,0.307,0.386,0.693,87.0,0.309,87.0,51,2,0,1,0,1,2H/3,,vogtst01,2021,,stephen vogt,0.295,0.371,0.213,5.1,88.5,32.1,23.5,10.9
Kole Calhoun*,33,ARI,NL,0.0,51,182,166,17,39,8,0,5,17,1,0,15,41,0.235,0.297,0.373,0.67,81.0,0.3,80.0,62,2,0,0,1,0,9H/D,,calhoko01,2021,,kole calhoun,0.298,0.405,0.217,6.3,88.5,38.1,22.5,8.2
Josh Reddick*,34,ARI,NL,-0.4,54,158,151,15,39,11,0,2,21,0,0,6,31,0.258,0.285,0.371,0.656,76.0,0.297,78.0,56,4,0,0,1,0,9H/817,,reddijo01,2021,,josh reddick,0.292,0.386,0.262,2.5,85.1,40.5,19.6,3.8
Tim Locastro,28,ARI,NL,-0.7,55,133,118,11,21,2,0,1,5,5,3,6,26,0.178,0.271,0.22,0.491,36.0,0.236,37.0,26,2,9,0,0,0,8H/97,,locasti01,2021,,tim locastro,0.262,0.278,0.208,0.9,82.1,32.7,21.2,4.5
Andrew Young,27,ARI,NL,-0.7,58,104,91,13,19,7,0,6,15,0,0,6,45,0.209,0.298,0.484,0.782,107.0,0.334,104.0,44,3,6,0,1,0,H4/57D,,youngan02,2021,,andrew young,0.313,0.439,0.19,17.0,88.8,44.7,43.3,5.8
Domingo Leyba#,25,ARI,NL,-0.5,13,24,22,0,0,0,0,0,0,0,0,2,7,0.0,0.083,0.0,0.083,-74.0,0.058,-91.0,0,1,0,0,0,0,/4H5,,leybado01,2021,,domingo leyba,0.237,0.254,0.18,4.7,80.9,32.8,24.0,8.3
Drew Ellis,25,ARI,NL,-0.7,28,83,69,10,9,2,0,1,5,0,0,10,27,0.13,0.277,0.203,0.48,34.0,0.231,31.0,14,1,4,0,0,1,5/H4,,ellisdr01,2021,,drew ellis,0.231,0.197,0.132,2.4,81.8,26.2,32.5,12.0
Ildemaro Vargas#,29,ARI,NL,-0.1,18,46,43,4,8,1,1,0,4,0,0,3,7,0.186,0.239,0.256,0.495,35.0,0.271,59.0,11,1,0,0,0,1,/54H6,,vargail01,2021,,ildemaro vargas,0.245,0.281,0.211,1.7,84.6,28.3,20.5,7.2
Jake McCarthy*,23,ARI,NL,0.4,24,70,59,11,13,3,0,2,4,3,2,8,23,0.22,0.333,0.373,0.706,92.0,0.311,91.0,22,0,2,1,0,0,8/9H,,mccarja02,2021,,jake mccarthy,0.252,0.247,0.155,2.7,80.0,18.9,32.9,11.4
Merrill Kelly,32,ARI,NL,-0.2,27,58,47,1,3,1,0,0,1,0,0,4,27,0.064,0.137,0.085,0.222,-37.0,0.112,-74.0,4,1,0,7,0,0,1,,kellyme01,2021,,merrill kelly,0.113,0.075,0.066,0.0,76.4,11.1,46.6,6.9
Henry Ramos#,29,ARI,NL,-0.5,18,55,50,5,10,2,0,1,8,0,0,4,12,0.2,0.255,0.3,0.555,50.0,0.245,41.0,15,1,0,0,1,0,/9H7,,ramoshe01,2021,,henry ramos,0.262,0.323,0.211,5.1,87.3,23.1,21.8,7.3
Madison Bumgarner,31,ARI,NL,0.3,25,52,39,3,4,1,0,0,3,0,0,9,29,0.103,0.28,0.128,0.408,17.0,0.219,19.0,5,0,1,2,1,0,1/H,,bumgama01,2021,,madison bumgarner,0.217,0.143,0.092,7.7,87.2,46.2,55.8,17.3
Wyatt Mathisen,27,ARI,NL,-0.2,23,51,42,3,5,0,0,1,8,0,0,5,21,0.119,0.255,0.19,0.445,24.0,0.239,37.0,8,0,3,0,1,0,3H/571,,mathiwy01,2021,,wyatt mathisen,0.269,0.277,0.174,4.5,86.8,31.8,41.2,9.8
Zac Gallen,25,ARI,NL,0.2,22,42,32,2,6,2,0,0,3,0,0,1,18,0.188,0.212,0.25,0.462,25.0,0.2,-16.0,8,1,0,9,0,0,1,,galleza01,2021,,zac gallen,0.163,0.19,0.148,0.0,96.2,21.7,42.9,2.4
Nick Heath*,27,ARI,NL,-0.3,20,39,35,3,5,1,0,0,1,0,2,4,15,0.143,0.231,0.171,0.402,12.0,0.177,10.0,6,0,0,0,0,1,8/H,,heathni01,2021,,nick heath,0.212,0.21,0.176,0.0,84.8,35.0,38.5,10.3
Geraldo Perdomo#,21,ARI,NL,0.3,11,37,31,5,8,3,1,0,1,0,0,6,6,0.258,0.378,0.419,0.798,117.0,0.331,102.0,13,0,0,0,0,2,6/H,,perdoge01,2021,,geraldo perdomo,0.279,0.329,0.199,4.0,86.5,32.0,16.2,16.2
Bryan Holaday,33,ARI,NL,-0.1,13,34,31,2,6,2,0,0,1,0,0,1,15,0.194,0.265,0.258,0.523,43.0,0.239,37.0,8,0,2,0,0,0,2/H1,,holadbr01,2021,,bryan holaday,0.194,0.191,0.143,0.0,88.4,31.3,44.1,2.9
Jake Hager,28,ARI,NL,0.1,9,22,18,1,2,0,0,0,2,0,0,4,11,0.111,0.273,0.111,0.384,10.0,0.208,16.0,2,0,0,0,0,0,/4H6,,hagerja01,2021,,jake hager,0.231,0.203,0.164,0.0,86.2,50.0,46.7,13.3
Caleb Smith,29,ARI,NL,0.1,45,25,22,2,2,1,0,0,0,1,0,1,14,0.091,0.167,0.136,0.303,-16.0,0.159,-32.0,3,0,1,1,0,0,1,,smithca03,2021,,caleb smith,0.153,0.129,0.091,0.0,74.2,22.2,56.0,4.0
Luke Weaver,27,ARI,NL,0.1,13,22,19,1,2,0,0,0,1,0,0,1,12,0.105,0.15,0.105,0.255,-29.0,0.17,-23.0,2,0,0,2,0,0,1,,weavelu01,2021,,luke weaver,0.123,0.112,0.096,0.0,85.8,33.3,54.5,4.5
Taylor Widener*,26,ARI,NL,-0.1,20,18,16,1,1,0,0,0,0,0,0,1,11,0.063,0.118,0.063,0.18,-49.0,0.094,-75.0,1,0,0,1,0,0,1,,widenta01,2021,,taylor widener,0.077,0.041,0.04,0.0,77.4,0.0,61.1,5.6
Stuart Fairchild,25,ARI,NL,0.0,12,17,15,3,2,1,0,0,2,0,0,1,3,0.133,0.235,0.2,0.435,20.0,0.21,17.0,3,1,1,0,0,0,/H879,,faircst01,2021,,stuart fairchild,0.278,0.276,0.225,0.0,81.3,33.3,17.6,5.9
Matt Peacock,27,ARI,NL,0.2,33,17,16,3,4,0,0,0,2,1,0,1,4,0.25,0.294,0.25,0.544,50.0,0.261,43.0,4,1,0,0,0,0,1,,peacoma01,2021,,matt peacock,0.217,0.208,0.186,0.0,79.4,16.7,23.5,5.9
Riley Smith,26,ARI,NL,-0.1,24,17,16,0,0,0,0,0,0,0,0,0,11,0.0,0.0,0.0,0.0,-100.0,0.056,-105.0,0,0,0,1,0,0,1,,smithri01,2021,,riley smith,0.06,0.075,0.063,0.0,86.5,33.3,64.7,0.0
Tyler Gilbert*,27,ARI,NL,-0.1,8,11,9,0,0,0,0,0,0,0,0,0,6,0.0,0.0,0.0,0.0,-100.0,0.0,-185.0,0,0,0,2,0,0,/1,,gilbety01,2021,,tyler gilbert,0.075,0.085,0.079,0.0,64.9,0.0,54.5,0.0
Seth Beer*,24,ARI,NL,0.1,5,10,9,4,4,1,0,1,3,0,0,1,3,0.444,0.5,0.889,1.389,266.0,0.575,275.0,8,0,0,0,0,0,/DH3,,beerse01,2021,,seth beer,0.469,0.621,0.419,0.0,88.5,83.3,30.0,10.0
Humberto Mejía,24,ARI,NL,0.0,5,8,7,1,1,1,0,0,0,0,0,0,2,0.143,0.143,0.286,0.429,12.0,0.178,-21.0,2,0,0,1,0,0,/1,,mejiahu01,2021,,humberto mejía,,,,,,,,
Humberto Castellanos,23,ARI,NL,0.2,11,7,6,1,3,0,0,1,5,0,0,0,1,0.5,0.429,1.0,1.429,271.0,0.544,252.0,6,0,0,0,1,0,1,,castehu01,2021,,humberto castellanos,,,,,,,,
Seth Frankoff,32,ARI,NL,0.0,4,4,3,0,0,0,0,0,0,0,0,1,2,0.0,0.25,0.0,0.25,-23.0,0.174,-9.0,0,0,0,0,0,0,/1,,frankse01,2021,,seth frankoff,,,,,,,,
Corbin Martin,25,ARI,NL,0.0,5,4,4,0,1,0,0,0,0,0,0,0,3,0.25,0.25,0.25,0.5,37.0,0.225,28.0,1,0,0,0,0,0,/1,,martico02,2021,,corbin martin,,,,,,,,
Alex Young*,27,ARI,NL,-0.1,29,4,4,0,0,0,0,0,0,0,0,0,4,0.0,0.0,0.0,0.0,-100.0,0.0,-132.0,0,0,0,0,0,0,1,,youngal01,2021,,alex young,,,,,,,,
Taylor Clarke,28,ARI,NL,0.1,43,3,3,0,1,0,0,0,0,0,0,0,2,0.333,0.333,0.333,0.667,82.0,0.267,57.0,1,0,0,0,0,0,1,,clarkta01,2021,,taylor clarke,,,,,,,,
Jon Duplantier*,26,ARI,NL,0.0,3,3,2,0,0,0,0,0,0,0,0,0,2,0.0,0.333,0.0,0.333,3.0,0.242,40.0,0,0,1,0,0,0,/1,,duplajo01,2021,,jon duplantier,,,,,,,,
Jake Faria,27,ARI,NL,0.1,24,3,3,1,1,1,0,0,0,0,0,0,1,0.333,0.333,0.667,1.0,162.0,0.415,163.0,2,0,0,0,0,0,1,,fariaja01,2021,,jake faria,,,,,,,,
Sean Poppen,27,ARI,NL,0.0,17,0,0,0,0,0,0,0,0,0,0,0,0,,,,,,,,0,0,0,0,0,0,1,,poppese01,2021,,sean poppen,,,,,,,,
Miguel Aguilar*,29,ARI,NL,0.0,7,0,0,0,0,0,0,0,0,0,0,0,0,,,,,,,,0,0,0,0,0,0,/1,,aguilmi01,2021,,miguel aguilar,,,,,,,,
Ryan Buchter*,34,ARI,NL,0.0,17,0,0,0,0,0,0,0,0,0,0,0,0,,,,,,,,0,0,0,0,0,0,1,,buchtry01,2021,,ryan buchter,,,,,,,,
JB Bukauskas,24,ARI,NL,0.0,21,0,0,0,0,0,0,0,0,0,0,0,0,,,,,,,,0,0,0,0,0,0,1,,bukaujb01,2021,,jb bukauskas,,,,,,,,
Tyler Clippard,36,ARI,NL,0.0,23,0,0,0,0,0,0,0,0,0,0,0,0,,,,,,,,0,0,0,0,0,0,1,,clippty01,2021,,tyler clippard,,,,,,,,
Stefan Crichton,29,ARI,NL,0.0,30,0,0,0,0,0,0,0,0,0,0,0,0,,,,,,,,0,0,0,0,0,0,1,,crichst01,2021,,stefan crichton,,,,,,,,
Brett de Geus,23,ARI,NL,0.0,27,0,0,0,0,0,0,0,0,0,0,0,0,,,,,,,,0,0,0,0,0,0,1,,degeubr01,2021,,brett de geus,,,,,,,,
Chris Devenski,30,ARI,NL,0.0,8,0,0,0,0,0,0,0,0,0,0,0,0,,,,,,,,0,0,0,0,0,0,/1,,devench02,2021,,chris devenski,,,,,,,,
Luis Frías,23,ARI,NL,0.0,2,0,0,0,0,0,0,0,0,0,0,0,0,,,,,,,,0,0,0,0,0,0,/1,,friaslu01,2021,,luis frías,,,,,,,,
Kevin Ginkel*,27,ARI,NL,0.0,31,0,0,0,0,0,0,0,0,0,0,0,0,,,,,,,,0,0,0,0,0,0,1,,ginkeke01,2021,,kevin ginkel,,,,,,,,
Yoan López,28,ARI,NL,0.0,13,0,0,0,0,0,0,0,0,0,0,0,0,,,,,,,,0,0,0,0,0,0,1,,lopezyo01,2021,,yoan lópez,,,,,,,,
Joe Mantiply,30,ARI,NL,0.0,53,0,0,0,0,0,0,0,0,0,0,0,0,,,,,,,,0,0,0,0,0,0,1,,mantijo01,2021,,joe mantiply,,,,,,,,
Keury Mella,27,ARI,NL,0.0,2,0,0,0,0,0,0,0,0,0,0,0,0,,,,,,,,0,0,0,0,0,0,/1,,mellake01,2021,,keury mella,,,,,,,,
Noé Ramirez,31,ARI,NL,0.0,30,0,0,0,0,0,0,0,0,0,0,0,0,,,,,,,,0,0,0,0,0,0,1,,ramirno01,2021,,noé ramirez,,,,,,,,
Brandyn Sittinger,27,ARI,NL,0.0,3,0,0,0,0,0,0,0,0,0,0,0,0,,,,,,,,0,0,0,0,0,0,/1,,sittibr01,2021,,brandyn sittinger,,,,,,,,
Joakim Soria,37,ARI,NL,0.0,29,0,0,0,0,0,0,0,0,0,0,0,0,,,,,,,,0,0,0,0,0,0,1,,soriajo01,2021,,joakim soria,,,,,,,,
Anthony Swarzak,35,ARI,NL,0.0,6,0,0,0,0,0,0,0,0,0,0,0,0,,,,,,,,0,0,0,0,0,0,/1,,swarzan01,2021,,anthony swarzak,,,,,,,,
Jordan Weems*,28,ARI,NL,0.0,2,0,0,0,0,0,0,0,0,0,0,0,0,,,,,,,,0,0,0,0,0,0,/1,,weemsjo01,2021,,jordan weems,,,,,,,,
J.B. Wendelken,28,ARI,NL,0.0,16,0,0,0,0,0,0,0,0,0,0,0,0,,,,,,,,0,0,0,0,0,0,1,,wendejb01,2021,,j.b. wendelken,,,,,,,,
Christian Walker,31,ARI,NL,5.0,160,667,583,84,141,25,2,36,94,2,2,69,131,0.242,0.327,0.477,0.804,125.0,0.351,126.0,278,15,8,0,7,2,*3D/H,GG,walkech02,2022,walkech02,christian walker,0.362,0.497,0.256,11.5,90.0,33.3,19.6,10.3
Daulton Varsho*,25,ARI,NL,4.9,151,592,531,79,125,23,3,27,74,16,6,46,145,0.235,0.302,0.443,0.745,108.0,0.328,108.0,235,8,7,2,5,0,*982D/H,,varshda01,2022,varshda01,daulton varsho,0.301,0.401,0.213,10.2,87.7,33.6,24.5,7.8
Ketel Marte#,28,ARI,NL,1.4,137,558,492,68,118,42,2,12,52,5,1,55,101,0.24,0.321,0.407,0.727,105.0,0.319,102.0,200,12,6,0,5,3,4D/H,,marteke01,2022,marteke01,ketel marte,0.317,0.388,0.247,6.1,90.1,31.6,18.1,9.9
Josh Rojas*,28,ARI,NL,3.1,125,510,443,66,119,25,1,9,56,23,3,55,98,0.269,0.349,0.391,0.739,110.0,0.337,110.0,173,7,2,5,5,2,54/HD,,rojasjo01,2022,rojasjo01,josh rojas,0.308,0.373,0.239,4.5,88.8,33.5,19.2,10.8
Geraldo Perdomo#,22,ARI,NL,0.6,148,500,431,58,84,10,2,5,40,9,2,50,103,0.195,0.285,0.262,0.547,57.0,0.26,57.0,113,3,5,12,2,0,*6/5H4,,perdoge01,2022,perdoge01,geraldo perdomo,0.274,0.294,0.215,2.0,85.0,28.1,20.6,10.0
David Peralta*,34,ARI,NL,0.9,87,310,278,29,69,19,2,12,41,1,2,27,74,0.248,0.316,0.46,0.777,117.0,0.328,111.0,128,6,2,0,3,4,7H/D,,peralda01,2022,peralda01,david peralta,0.317,0.418,0.248,8.5,90.3,35.0,23.3,8.4
Alek Thomas*,22,ARI,NL,1.4,113,411,381,45,88,17,1,8,39,4,3,22,74,0.231,0.275,0.344,0.619,75.0,0.276,72.0,131,6,3,0,5,0,*8/H,,thomaal01,2022,thomaal01,alek thomas,0.28,0.345,0.237,3.8,87.4,27.9,18.0,5.4
Emmanuel Rivera,26,ARI,NL,0.8,39,148,132,22,30,8,0,6,18,1,2,12,37,0.227,0.304,0.424,0.728,104.0,0.319,106.0,56,1,3,0,1,0,5/D3H,,riverem01,2022,riverem01,emmanuel rivera,0.309,0.418,0.234,9.3,90.4,32.3,23.1,6.4
Carson Kelly,27,ARI,NL,0.9,104,354,317,40,67,18,0,7,35,2,0,29,71,0.211,0.282,0.334,0.617,75.0,0.275,70.0,106,10,4,0,4,0,2/H1D,,kellyca02,2022,kellyca02,carson kelly,0.293,0.362,0.225,5.2,87.7,33.2,20.1,8.2
Jake McCarthy*,24,ARI,NL,2.4,99,354,321,53,91,16,3,8,43,23,3,23,76,0.283,0.342,0.427,0.769,117.0,0.359,123.0,137,3,6,3,1,0,978DH,ROY-4,mccarja02,2022,mccarja02,jake mccarthy,0.305,0.374,0.253,4.8,87.4,32.5,21.5,6.5
Pavin Smith*,26,ARI,NL,0.4,75,277,245,24,54,9,0,9,33,1,0,28,67,0.22,0.3,0.367,0.667,89.0,0.298,86.0,90,2,1,0,3,1,9D3/H,,smithpa04,2022,smithpa04,pavin smith,0.301,0.38,0.212,9.9,87.9,28.7,24.2,10.1
Jordan Luplow,28,ARI,NL,0.0,83,234,205,26,36,5,0,11,28,5,1,25,60,0.176,0.274,0.361,0.634,79.0,0.295,83.0,74,5,3,0,1,1,9H7/D835,,luplojo01,2022,luplojo01,jordan luplow,0.292,0.368,0.198,7.5,87.2,24.0,25.6,10.7
Sergio Alcántara#,25,ARI,NL,0.1,71,186,170,23,41,8,1,6,26,1,0,10,45,0.241,0.283,0.406,0.688,93.0,0.308,94.0,69,6,1,2,3,0,564H/D,,alcanse01,2022,alcanse01,sergio alcántara,0.247,0.297,0.209,1.9,86.6,32.5,25.4,5.4
Cooper Hummel#,27,ARI,NL,-0.5,66,201,176,20,31,8,3,3,17,4,1,23,64,0.176,0.274,0.307,0.58,65.0,0.268,64.0,54,4,1,0,1,0,7H2D/9,,hummeco01,2022,hummeco01,cooper hummel,0.296,0.347,0.211,7.1,87.6,30.1,31.8,11.4
Seth Beer*,25,ARI,NL,-1.0,38,126,111,4,21,3,0,1,9,0,0,11,31,0.189,0.278,0.243,0.521,50.0,0.239,45.0,27,3,3,0,1,1,D/3H,,beerse01,2022,beerse01,seth beer,0.28,0.331,0.211,3.7,85.9,33.3,24.6,8.7
José Herrera#,25,ARI,NL,-0.3,47,124,111,9,21,2,0,0,5,0,0,9,34,0.189,0.25,0.207,0.457,32.0,0.214,24.0,23,1,0,4,0,0,2/DH,,herrejo04,2022,herrejo04,josé herrera,,,,,,,,
Corbin Carroll*,21,ARI,NL,1.3,32,115,104,13,27,9,2,4,14,2,1,8,31,0.26,0.33,0.5,0.83,132.0,0.362,134.0,52,1,3,0,0,0,7/8H9D,,carroco02,2022,carroco02,corbin carroll,0.297,0.372,0.222,5.5,85.8,34.2,27.0,7.0
Buddy Kennedy,23,ARI,NL,0.0,30,94,83,10,18,2,2,1,12,0,0,8,23,0.217,0.287,0.325,0.613,74.0,0.28,74.0,27,1,1,0,2,0,4/HD5,,kennebu01,2022,kennebu01,buddy kennedy,0.257,0.287,0.196,1.6,88.6,38.7,24.5,8.5
Stone Garrett,26,ARI,NL,0.5,27,84,76,13,21,8,0,4,10,3,1,3,27,0.276,0.309,0.539,0.848,135.0,0.371,139.0,41,1,1,0,1,0,7/DH,,garrest01,2022,garrest01,stone garrett,0.271,0.383,0.198,10.0,92.9,28.0,32.1,3.6
Jake Hager,29,ARI,NL,-0.1,28,59,50,4,12,2,0,0,3,0,0,8,17,0.24,0.345,0.28,0.625,81.0,0.289,80.0,14,0,0,1,0,0,4/561DH,,hagerja01,2022,hagerja01,jake hager,0.254,0.258,0.167,5.9,80.8,32.4,28.8,13.6
Nick Ahmed,32,ARI,NL,-0.1,17,54,52,7,12,2,0,3,7,0,1,2,15,0.231,0.259,0.442,0.702,95.0,0.306,100.0,23,2,0,0,0,0,6/HD,,ahmedni01,2022,ahmedni01,nick ahmed,0.233,0.311,0.192,5.4,86.9,32.4,27.8,3.7
Matt Davidson,31,ARI,NL,-0.1,5,13,10,1,1,0,0,1,1,0,0,3,3,0.1,0.308,0.4,0.708,99.0,0.317,101.0,4,0,0,0,0,0,/5DH,,davidma02,2022,davidma02,matt davidson,0.284,0.412,0.183,14.3,87.3,23.8,35.1,8.1
Yonny Hernández#,24,ARI,NL,0.0,12,28,24,2,2,0,0,0,0,2,0,2,4,0.083,0.154,0.083,0.237,-30.0,0.169,-28.0,2,0,0,2,0,0,5/4H,,hernayo02,2022,hernayo02,yonny hernández,0.204,0.208,0.167,0.0,82.3,22.7,14.3,7.1
Drew Ellis,26,ARI,NL,-0.2,6,14,13,2,2,1,0,0,1,0,0,1,6,0.154,0.214,0.231,0.445,27.0,0.203,20.0,3,0,0,0,0,0,/5,,ellisdr01,2022,ellisdr01,drew ellis,0.215,0.25,0.179,0.0,88.4,44.4,41.2,5.9
Grayson Greiner,29,ARI,NL,0.0,2,8,6,0,1,0,0,0,0,0,0,2,3,0.167,0.375,0.167,0.542,62.0,0.286,79.0,1,0,0,0,0,0,/2,,greingr01,2022,greingr01,grayson greiner,,,,,,,,
Wilmer Difo#,30,ARI,NL,-0.1,3,6,6,0,0,0,0,0,0,0,0,0,1,0.0,0.0,0.0,0.0,-100.0,0.0,-125.0,0,0,0,0,0,0,/64,,difowi01,2022,difowi01,wilmer difo,,,,,,,,
Kevin Ginkel*,28,ARI,NL,0.0,1,0,0,0,0,0,0,0,0,0,0,0,0,,,,,,,,0,0,0,0,0,0,1,,ginkeke01,2022,ginkeke01,kevin ginkel,,,,,,,,
Ian Kennedy,37,ARI,NL,0.0,1,0,0,0,0,0,0,0,0,0,0,0,0,,,,,,,,0,0,0,0,0,0,1,,kenneia01,2022,kenneia01,ian kennedy,,,,,,,,
Joe Mantiply,31,ARI,NL,0.0,1,0,0,0,0,0,0,0,0,0,0,0,0,,,,,,,,0,0,0,0,0,0,1,AS,mantijo01,2022,mantijo01,joe mantiply,,,,,,,,
Mark Melancon,37,ARI,NL,0.0,2,0,0,0,0,0,0,0,0,0,0,0,0,,,,,,,,0,0,0,0,0,0,1,,melanma01,2022,melanma01,mark melancon,,,,,,,,
Keynan Middleton,28,ARI,NL,0.0,1,0,0,0,0,0,0,0,0,0,0,0,0,,,,,,,,0,0,0,0,0,0,1,,middlke01,2022,middlke01,keynan middleton,,,,,,,,
Reyes Moronta,29,ARI,NL,0.0,1,0,0,0,0,0,0,0,0,0,0,0,0,,,,,,,,0,0,0,0,0,0,1,,moronre01,2022,moronre01,reyes moronta,,,,,,,,
Kyle Nelson*,25,ARI,NL,0.0,2,0,0,0,0,0,0,0,0,0,0,0,0,,,,,,,,0,0,0,0,0,0,1,,nelsoky01,2022,nelsoky01,kyle nelson,,,,,,,,
Sean Poppen,28,ARI,NL,0.0,2,0,0,0,0,0,0,0,0,0,0,0,0,,,,,,,,0,0,0,0,0,0,1,,poppese01,2022,poppese01,sean poppen,,,,,,,,
Noé Ramirez,32,ARI,NL,0.0,1,0,0,0,0,0,0,0,0,0,0,0,0,,,,,,,,0,0,0,0,0,0,1,,ramirno01,2022,ramirno01,noé ramirez,,,,,,,,
Luke Weaver,28,ARI,NL,0.0,1,0,0,0,0,0,0,0,0,0,0,0,0,,,,,,,,0,0,0,0,0,0,1/DH,,weavelu01,2022,weavelu01,luke weaver,,,,,,,,
J.B. Wendelken,29,ARI,NL,0.0,1,0,0,0,0,0,0,0,0,0,0,0,0,,,,,,,,0,0,0,0,0,0,1,,wendejb01,2022,wendejb01,j.b. wendelken,,,,,,,,
Christian Walker,32,ARI,NL,3.7,157,661,582,86,150,36,2,33,103,11,0,62,127,0.258,0.333,0.497,0.83,122.0,0.356,119.0,289,13,8,0,8,3,*3/DH,MVP-23GG,walkech02,2023,walkech02,christian walker,0.34,0.465,0.247,11.4,88.0,32.6,19.2,9.4
Ketel Marte#,29,ARI,NL,4.9,150,650,569,94,157,26,9,25,82,8,2,71,109,0.276,0.358,0.485,0.844,127.0,0.366,128.0,276,16,5,0,5,2,*4/DH86,,marteke01,2023,marteke01,ketel marte,0.342,0.43,0.262,8.0,91.1,30.8,16.8,10.9
Corbin Carroll*,22,ARI,NL,5.3,155,645,565,116,161,30,10,25,76,54,5,57,125,0.285,0.362,0.506,0.868,133.0,0.387,133.0,286,7,13,6,4,1,*798/HD,ASMVP-5ROY-1,carroco02,2023,carroco02,corbin carroll,0.345,0.445,0.264,7.6,90.0,32.7,19.4,8.8
Lourdes Gurriel Jr.,29,ARI,NL,2.9,145,592,551,65,144,35,2,24,82,5,0,33,103,0.261,0.309,0.463,0.772,107.0,0.333,104.0,255,20,6,0,2,1,7D/H3,AS,gurrilo01,2023,gurrilo01,lourdes gurriel jr.,,,,,,,,
Geraldo Perdomo#,23,ARI,NL,2.0,144,495,407,71,100,20,4,6,47,16,4,64,86,0.246,0.353,0.359,0.712,95.0,0.323,96.0,146,2,6,14,4,1,*645H,AS,perdoge01,2023,perdoge01,geraldo perdomo,0.277,0.277,0.203,0.9,85.7,35.4,17.4,12.9
Tommy Pham,35,ARI,NL,0.3,50,217,195,26,47,12,2,6,32,11,2,18,50,0.241,0.304,0.415,0.72,94.0,0.32,91.0,81,9,1,0,3,0,D79,,phamth01,2023,phamth01,tommy pham,0.359,0.475,0.278,10.7,92.3,34.4,22.0,9.8
Jace Peterson*,33,ARI,NL,-0.8,41,106,93,5,17,3,2,0,9,4,1,11,24,0.183,0.276,0.258,0.534,47.0,0.253,45.0,24,1,1,1,0,1,5H/D34,,peterja01,2023,peterja01,jace peterson,0.287,0.334,0.212,4.7,85.7,33.5,23.5,10.9
Alek Thomas*,23,ARI,NL,1.0,125,402,374,51,86,17,5,9,39,9,1,19,86,0.23,0.273,0.374,0.647,74.0,0.291,73.0,140,5,4,2,3,1,*8H/D,,thomaal01,2023,thomaal01,alek thomas,0.291,0.374,0.247,5.1,88.9,28.3,21.4,4.7
Gabriel Moreno,23,ARI,NL,4.3,111,380,341,33,97,19,1,7,50,6,2,29,75,0.284,0.339,0.408,0.747,103.0,0.332,104.0,139,17,3,0,7,0,2H/D,GG,morenga01,2023,morenga01,gabriel moreno,0.316,0.391,0.264,4.8,89.8,32.6,19.7,7.6
Josh Rojas*,29,ARI,NL,-0.3,59,216,189,23,43,13,0,0,26,6,0,18,51,0.228,0.292,0.296,0.589,62.0,0.275,59.0,56,2,1,2,4,0,5/H4D17,,rojasjo01,2023,rojasjo01,josh rojas,0.278,0.331,0.228,3.8,87.1,35.6,23.1,7.7
Jake McCarthy*,25,ARI,NL,0.4,99,312,276,37,67,7,5,2,16,26,4,26,62,0.243,0.318,0.326,0.644,77.0,0.305,76.0,90,4,5,4,1,0,9H8/D,,mccarja02,2023,mccarja02,jake mccarthy,0.295,0.336,0.241,2.3,85.3,32.0,19.9,8.3
Emmanuel Rivera,27,ARI,NL,0.2,86,283,257,32,67,13,0,4,29,1,0,22,56,0.261,0.314,0.358,0.672,83.0,0.3,81.0,92,9,0,0,4,0,5H3/D,,riverem01,2023,riverem01,emmanuel rivera,0.315,0.404,0.261,5.9,90.7,35.6,19.8,7.8
Evan Longoria,37,ARI,NL,0.4,74,237,211,25,47,9,0,11,28,0,0,23,73,0.223,0.295,0.422,0.717,93.0,0.315,92.0,89,8,0,0,3,0,5DH,,longoev01,2023,longoev01,evan longoria,0.324,0.451,0.228,10.6,92.2,37.6,30.8,9.7
Pavin Smith*,27,ARI,NL,-0.8,69,228,191,26,36,5,0,7,30,1,1,35,45,0.188,0.317,0.325,0.642,76.0,0.296,80.0,62,3,1,0,0,0,D9H3,,smithpa04,2023,smithpa04,pavin smith,0.328,0.39,0.221,7.5,89.9,34.9,19.7,15.4
Nick Ahmed,33,ARI,NL,-0.3,72,210,198,14,42,10,1,2,17,5,1,12,52,0.212,0.257,0.303,0.56,52.0,0.25,44.0,60,0,0,0,0,0,6H/D,,ahmedni01,2023,ahmedni01,nick ahmed,0.264,0.328,0.225,2.7,85.2,32.9,24.8,5.7
Seby Zavala,29,ARI,NL,0.1,7,17,14,2,5,1,0,0,2,0,0,2,2,0.357,0.471,0.429,0.899,148.0,0.409,159.0,6,0,1,0,0,0,/21H,,zavalse01,2023,zavalse01,seby zavala,0.251,0.317,0.188,5.5,87.5,34.9,36.3,6.2
Dominic Canzone*,25,ARI,NL,-0.2,15,41,38,4,9,2,0,1,8,0,0,2,8,0.237,0.293,0.368,0.661,79.0,0.292,76.0,14,1,1,0,0,0,/DH9,,canzodo01,2023,canzodo01,dominic canzone,0.332,0.489,0.255,12.1,89.7,31.9,17.6,4.4
Carson Kelly,28,ARI,NL,-0.1,32,92,84,6,19,3,0,1,6,1,0,7,23,0.226,0.283,0.298,0.58,59.0,0.261,52.0,25,2,0,0,1,0,2026-02-01 00:00:00,,kellyca02,2023,kellyca02,carson kelly,0.248,0.286,0.185,2.1,86.8,27.8,26.5,9.3
José Herrera#,26,ARI,NL,-0.2,41,120,101,15,21,5,0,0,7,1,0,13,30,0.208,0.296,0.257,0.553,53.0,0.26,50.0,26,2,0,5,1,0,2/1H,,herrejo04,2023,herrejo04,josé herrera,,,,,,,,
Dominic Fletcher*,25,ARI,NL,0.7,28,102,93,10,28,5,1,2,14,0,2,7,22,0.301,0.35,0.441,0.791,114.0,0.328,109.0,41,0,0,2,0,1,89/7H,,fletcdo01,2023,fletcdo01,dominic fletcher,0.267,0.339,0.223,4.1,89.7,38.4,21.6,6.9
Kyle Lewis,27,ARI,NL,-0.6,16,54,51,2,8,2,0,1,2,0,0,3,21,0.157,0.204,0.255,0.459,24.0,0.201,11.0,13,0,0,0,0,0,D/H7,,lewisky01,2023,lewisky01,kyle lewis,0.217,0.264,0.179,6.7,89.1,26.7,38.9,5.6
Jordan Lawlar,20,ARI,NL,-0.2,14,34,31,2,4,0,0,0,0,1,1,2,11,0.129,0.206,0.129,0.335,-5.0,0.178,1.0,4,0,1,0,0,0,6/H,,lawlajo01,2023,lawlajo01,jordan lawlar,0.19,0.183,0.14,0.0,77.8,15.0,32.4,5.9
Buddy Kennedy,24,ARI,NL,0.0,10,29,24,1,4,1,0,0,1,0,0,4,6,0.167,0.31,0.208,0.519,46.0,0.254,49.0,5,0,1,0,0,0,/5HD4,,kennebu01,2023,kennebu01,buddy kennedy,0.304,0.285,0.225,0.0,84.8,44.4,20.7,13.8
Diego Castillo,25,ARI,NL,0.0,1,1,1,0,0,0,0,0,0,0,0,0,0,0.0,0.0,0.0,0.0,-100.0,0.0,-133.0,0,0,0,0,0,0,/H,,castidi02,2023,castidi02,diego castillo,,,,,,,,
Miguel Castro,28,ARI,NL,0.0,2,0,0,0,0,0,0,0,0,0,0,0,0,,,,,,,,0,0,0,0,0,0,1,,castrmi01,2023,castrmi01,miguel castro,,,,,,,,
Andrew Chafin,33,ARI,NL,0.0,3,0,0,0,0,0,0,0,0,0,0,0,0,,,,,,,,0,0,0,0,0,0,1,,chafian01,2023,chafian01,andrew chafin,,,,,,,,
Luis Frías,25,ARI,NL,0.0,1,0,0,0,0,0,0,0,0,0,0,0,0,,,,,,,,0,0,0,0,0,0,1,,friaslu01,2023,friaslu01,luis frías,,,,,,,,
Kevin Ginkel*,29,ARI,NL,0.0,1,0,0,0,0,0,0,0,0,0,0,0,0,,,,,,,,0,0,0,0,0,0,1,,ginkeke01,2023,ginkeke01,kevin ginkel,,,,,,,,
Drey Jameson,25,ARI,NL,0.0,1,0,0,0,0,0,0,0,0,0,0,0,0,,,,,,,,0,0,0,0,0,0,1,,jamesdr01,2023,jamesdr01,drey jameson,,,,,,,,
Bryce Jarvis*,25,ARI,NL,0.0,1,0,0,0,0,0,0,0,0,0,0,0,0,,,,,,,,0,0,0,0,0,0,1,,jarvibr01,2023,jarvibr01,bryce jarvis,,,,,,,,
Scott McGough,33,ARI,NL,0.0,2,0,0,0,0,0,0,0,0,0,0,0,0,,,,,,,,0,0,0,0,0,0,1,,mcgousc01,2023,mcgousc01,scott mcgough,,,,,,,,
Kyle Nelson*,26,ARI,NL,0.0,1,0,0,0,0,0,0,0,0,0,0,0,0,,,,,,,,0,0,0,0,0,0,1,,nelsoky01,2023,nelsoky01,kyle nelson,,,,,,,,
José Ruiz,28,ARI,NL,0.0,1,0,0,0,0,0,0,0,0,0,0,0,0,,,,,,,,0,0,0,0,0,0,1,,ruizjo01,2023,ruizjo01,josé ruiz,,,,,,,,
Paul Sewald,33,ARI,NL,0.0,1,0,0,0,0,0,0,0,0,0,0,0,0,,,,,,,,0,0,0,0,0,0,1,,sewalpa01,2023,sewalpa01,paul sewald,,,,,,,,
Corbin Carroll*,23,ARI,NL,3.4,158,684,589,121,136,22,14,22,74,35,8,73,130,0.231,0.322,0.428,0.749,106.0,0.333,106.0,252,3,10,3,9,0,*89/H,,carroco02,2024,carroco02,corbin carroll,0.328,0.401,0.239,7.2,89.3,27.8,19.0,10.7
Eugenio Suárez,32,ARI,NL,3.1,158,640,571,90,146,28,2,30,101,2,1,49,176,0.256,0.319,0.469,0.788,115.0,0.34,115.0,268,10,9,0,11,0,*5/D,,suareeu01,2024,suareeu01,eugenio suárez,0.335,0.463,0.246,11.3,89.1,40.4,27.5,7.7
Josh Bell#,31,ARI,NL,0.3,41,162,140,24,39,5,1,5,22,0,1,17,32,0.279,0.361,0.436,0.796,120.0,0.349,125.0,61,9,1,0,0,0,3/DH,,belljo02,2024,belljo02,josh bell,0.312,0.402,0.233,7.6,88.9,31.4,19.9,8.5
Ketel Marte#,30,ARI,NL,6.8,136,583,504,93,147,23,2,36,95,7,1,65,106,0.292,0.372,0.56,0.932,154.0,0.396,155.0,282,9,5,0,9,7,*4D/H6,ASMVP-3SS,marteke01,2024,marteke01,ketel marte,0.394,0.545,0.289,12.3,94.0,33.7,18.2,11.1
Lourdes Gurriel Jr.,30,ARI,NL,2.0,133,553,513,72,143,22,2,18,75,7,1,29,101,0.279,0.322,0.435,0.757,108.0,0.329,106.0,223,16,6,0,5,1,*7H/D3,,gurrilo01,2024,gurrilo01,lourdes gurriel jr.,,,,,,,,
Christian Walker,33,ARI,NL,2.6,130,552,479,72,120,26,0,26,84,2,2,55,133,0.251,0.335,0.468,0.803,120.0,0.34,116.0,224,12,10,0,8,4,*3/H,GG,walkech02,2024,walkech02,christian walker,0.354,0.47,0.243,13.3,91.2,35.0,24.1,10.0
Jake McCarthy*,26,ARI,NL,1.7,142,495,442,66,126,13,7,8,56,25,6,31,78,0.285,0.349,0.4,0.749,108.0,0.335,107.0,177,4,14,5,3,1,*987H/D,,mccarja02,2024,mccarja02,jake mccarthy,0.314,0.363,0.265,2.7,84.5,30.4,15.8,6.3
Joc Pederson*,32,ARI,NL,2.9,132,449,367,62,101,17,1,23,64,7,4,55,105,0.275,0.393,0.515,0.908,150.0,0.388,151.0,189,5,18,1,3,2,*DH,,pederjo01,2024,pederjo01,joc pederson,0.378,0.486,0.259,12.8,92.3,34.2,23.4,12.2
Geraldo Perdomo#,24,ARI,NL,3.5,98,388,337,61,92,21,2,3,37,9,1,36,58,0.273,0.344,0.374,0.718,100.0,0.328,104.0,126,5,3,7,5,0,6/H,,perdoge01,2024,perdoge01,geraldo perdomo,0.287,0.326,0.231,3.1,87.0,28.9,14.9,9.3
Gabriel Moreno,24,ARI,NL,2.6,97,351,305,39,81,18,1,5,45,3,1,41,52,0.266,0.353,0.38,0.734,104.0,0.327,105.0,116,10,2,0,3,1,2H/5,,morenga01,2024,morenga01,gabriel moreno,0.329,0.393,0.251,6.6,90.0,33.6,14.8,11.7
Kevin Newman,30,ARI,NL,2.2,111,311,288,41,80,17,1,3,28,8,1,15,48,0.278,0.311,0.375,0.686,90.0,0.313,92.0,108,7,0,6,2,1,643/H57D,,newmake01,2024,newmake01,kevin newman,0.275,0.326,0.257,1.6,85.6,25.0,15.4,4.8
Randal Grichuk,32,ARI,NL,2.2,106,279,254,40,74,20,2,12,46,0,0,20,46,0.291,0.348,0.528,0.875,139.0,0.377,142.0,134,5,3,0,2,0,9DH7,,grichra01,2024,grichra01,randal grichuk,0.366,0.5,0.275,11.0,90.6,34.3,16.5,7.2
Luis Guillorme*,29,ARI,NL,0.3,18,49,37,6,6,2,0,0,4,3,0,11,8,0.162,0.347,0.216,0.563,62.0,0.292,70.0,8,2,0,0,1,0,4/H5D,,guilllu01,2024,guilllu01,luis guillorme,0.285,0.3,0.223,2.3,85.5,32.8,19.3,12.3
Blaze Alexander,25,ARI,NL,0.0,61,185,166,19,41,7,0,3,21,3,1,15,49,0.247,0.321,0.343,0.664,85.0,0.301,87.0,57,1,3,1,0,0,64D/H5,,alexabl01,2024,alexabl01,blaze alexander,0.262,0.29,0.203,3.4,88.5,22.9,26.5,8.1
Pavin Smith*,28,ARI,NL,0.6,60,158,137,26,37,11,0,9,36,1,0,18,31,0.27,0.348,0.547,0.896,144.0,0.382,145.0,75,4,0,0,3,0,397H/D1,,smithpa04,2024,smithpa04,pavin smith,0.396,0.534,0.287,14.7,90.2,34.9,19.6,11.4
José Herrera#,27,ARI,NL,-0.2,42,114,97,11,22,4,1,1,13,0,0,9,27,0.227,0.29,0.32,0.609,70.0,0.272,64.0,31,1,0,7,1,0,2/H5D,,herrejo04,2024,herrejo04,josé herrera,,,,,,,,
Alek Thomas*,24,ARI,NL,0.0,39,103,95,13,18,5,1,3,17,4,1,7,17,0.189,0.245,0.358,0.603,65.0,0.283,71.0,34,7,0,1,0,0,8/HD,,thomaal01,2024,thomaal01,alek thomas,0.344,0.46,0.277,7.6,91.2,26.6,16.5,6.8
Tucker Barnhart*,33,ARI,NL,0.3,31,96,81,13,14,3,0,0,6,1,0,13,31,0.173,0.287,0.21,0.497,42.0,0.252,49.0,17,0,0,2,0,0,2/1H,,barnhtu01,2024,barnhtu01,tucker barnhart,0.244,0.223,0.165,3.8,83.4,34.6,32.3,13.5
Adrian Del Castillo*,24,ARI,NL,0.5,25,87,80,12,25,5,0,4,19,1,1,7,28,0.313,0.368,0.525,0.893,145.0,0.379,146.0,42,1,0,0,0,0,2/H,,delcaad01,2024,delcaad01,adrian del castillo,,,,,,,,
Jace Peterson*,34,ARI,NL,-0.6,14,26,22,2,1,0,0,0,1,0,0,3,6,0.045,0.154,0.045,0.199,-40.0,0.114,-48.0,1,1,0,0,1,0,/H64D5,,peterja01,2024,peterja01,jace peterson,0.251,0.238,0.203,0.0,82.6,17.6,23.1,11.5
Jorge Barrosa#,23,ARI,NL,0.0,8,18,17,3,3,2,0,0,1,1,0,0,2,0.176,0.176,0.294,0.471,28.0,0.213,9.0,5,0,0,1,0,0,/8H7,,barrojo01,2024,barrojo01,jorge barrosa,0.348,0.444,0.346,6.3,83.2,31.3,11.1,0.0
Scott McGough,34,ARI,NL,0.0,2,1,1,0,0,0,0,0,0,0,0,0,1,0.0,0.0,0.0,0.0,-100.0,0.0,-136.0,0,0,0,0,0,0,1,,mcgousc01,2024,mcgousc01,scott mcgough,,,,,,,,
Luis Frías,26,ARI,NL,0.0,1,0,0,0,0,0,0,0,0,0,0,0,0,,,,,,,,0,0,0,0,0,0,/1,,friaslu01,2024,friaslu01,luis frías,,,,,,,,
Kevin Ginkel*,30,ARI,NL,0.0,2,0,0,0,0,0,0,0,0,0,0,0,0,,,,,,,,0,0,0,0,0,0,1,,ginkeke01,2024,ginkeke01,kevin ginkel,,,,,,,,
Bryce Jarvis*,26,ARI,NL,0.0,2,0,0,0,0,0,0,0,0,0,0,0,0,,,,,,,,0,0,0,0,0,0,1,,jarvibr01,2024,jarvibr01,bryce jarvis,,,,,,,,
Joe Mantiply,33,ARI,NL,0.0,1,0,0,0,0,0,0,0,0,0,0,0,0,,,,,,,,0,0,0,0,0,0,1,,mantijo01,2024,mantijo01,joe mantiply,,,,,,,,
Justin Martínez,22,ARI,NL,0.0,2,0,0,0,0,0,0,0,0,0,0,0,0,,,,,,,,0,0,0,0,0,0,1,,martiju01,2024,martiju01,justin martínez,,,,,,,,
A.J. Puk*,29,ARI,NL,0.0,1,0,0,0,0,0,0,0,0,0,0,0,0,,,,,,,,0,0,0,0,0,0,1,,pukaj01,2024,pukaj01,a.j. puk,,,,,,,,
Paul Sewald,34,ARI,NL,0.0,1,0,0,0,0,0,0,0,0,0,0,0,0,,,,,,,,0,0,0,0,0,0,1,,sewalpa01,2024,sewalpa01,paul sewald,,,,,,,,
Ryan Thompson,32,ARI,NL,0.0,1,0,0,0,0,0,0,0,0,0,0,0,0,,,,,,,,0,0,0,0,0,0,1,,thompry02,2024,thompry02,ryan thompson,,,,,,,,
Geraldo Perdomo#,25,ARI,NL,7.0,161,720,597,98,173,33,5,20,100,27,6,94,83,0.29,0.389,0.462,0.851,136.0,0.382,139.0,276,11,10,8,11,1,*6/H,MVP-4SS,perdoge01,2025,perdoge01,geraldo perdomo,0.356,0.424,0.278,6.2,87.6,36.2,11.5,13.1
Eugenio Suárez,33,ARI,NL,3.3,106,437,387,64,96,19,0,36,87,1,0,29,117,0.248,0.32,0.576,0.897,142.0,0.386,145.0,223,7,15,0,6,1,5/DH3,,suareeu01,2025,suareeu01,eugenio suárez,0.32,0.463,0.211,14.3,90.2,32.8,29.8,7.0
Corbin Carroll*,24,ARI,NL,5.8,143,642,564,107,146,32,17,31,84,32,6,67,153,0.259,0.343,0.541,0.883,140.0,0.382,137.0,305,6,7,0,4,4,*9/8DH,ASMVP-6SS,carroco02,2025,carroco02,corbin carroll,0.372,0.529,0.262,14.5,92.1,33.5,23.8,10.4
Josh Naylor*,28,ARI,NL,0.8,93,394,349,49,102,19,1,11,59,11,2,37,49,0.292,0.36,0.447,0.807,123.0,0.356,122.0,156,14,2,0,4,4,3D/H,,naylojo01,2025,naylojo01,josh naylor,0.335,0.436,0.271,6.7,89.2,30.8,13.7,7.9
Ketel Marte#,31,ARI,NL,4.4,126,556,480,87,136,28,0,28,72,4,2,64,83,0.283,0.376,0.517,0.893,145.0,0.381,142.0,248,12,9,0,3,6,4D/H,ASMVP-22SS,marteke01,2025,marteke01,ketel marte,0.39,0.534,0.285,13.5,90.8,33.0,14.9,11.5
Lourdes Gurriel Jr.,31,ARI,NL,0.5,129,546,500,52,124,24,2,19,80,10,4,31,76,0.248,0.295,0.418,0.713,95.0,0.314,94.0,209,11,6,0,9,0,*7D/H,,gurrilo01,2025,gurrilo01,lourdes gurriel jr.,,,,,,,,
Alek Thomas*,25,ARI,NL,0.1,143,469,433,51,108,19,3,9,38,7,4,21,122,0.249,0.289,0.37,0.659,82.0,0.291,78.0,160,2,5,6,4,0,*8/HD,,thomaal01,2025,thomaal01,alek thomas,0.289,0.372,0.242,7.8,89.6,27.7,26.0,4.5
Gabriel Moreno,25,ARI,NL,1.6,83,309,277,44,79,12,1,9,40,2,2,29,53,0.285,0.353,0.433,0.786,117.0,0.341,115.0,120,6,1,0,2,3,2/DH,,morenga01,2025,morenga01,gabriel moreno,0.346,0.453,0.279,7.1,90.4,39.8,17.2,9.4
Randal Grichuk,33,ARI,NL,-0.4,70,188,175,25,42,15,1,7,22,0,1,10,39,0.24,0.277,0.457,0.734,99.0,0.317,98.0,80,5,0,0,3,1,DH9/78,,grichra01,2025,grichra01,randal grichuk,0.326,0.457,0.259,11.7,92.4,33.6,20.8,5.8
Pavin Smith*,29,ARI,NL,0.4,87,288,244,36,63,17,1,8,28,2,2,41,92,0.258,0.362,0.434,0.797,120.0,0.35,121.0,106,7,0,0,2,1,D3H,,smithpa04,2025,smithpa04,pavin smith,0.319,0.398,0.215,11.7,90.1,37.0,31.9,14.2
Blaze Alexander,26,ARI,NL,1.7,74,266,230,31,53,12,1,7,28,4,6,22,86,0.23,0.323,0.383,0.706,95.0,0.315,101.0,88,5,10,3,1,0,54/H78D,,alexabl01,2025,alexabl01,blaze alexander,0.305,0.374,0.211,12.8,90.2,35.8,32.3,8.3
Tim Tawa,26,ARI,NL,0.5,74,225,199,29,40,8,0,7,18,8,2,20,64,0.201,0.274,0.347,0.62,71.0,0.284,70.0,69,6,1,2,3,0,4387H/59,,tawati01,2025,tawati01,tim tawa,0.29,0.368,0.206,9.3,89.2,31.4,28.4,8.9
Jake McCarthy*,27,ARI,NL,-0.7,67,222,206,18,42,7,5,4,20,6,0,10,40,0.204,0.247,0.345,0.591,62.0,0.271,59.0,71,2,2,3,1,0,789/HD,,mccarja02,2025,mccarja02,jake mccarthy,0.286,0.374,0.239,5.3,84.7,28.2,18.0,4.5
José Herrera#,28,ARI,NL,0.0,57,204,166,21,31,6,0,2,17,0,0,23,47,0.187,0.285,0.259,0.544,53.0,0.254,49.0,43,2,1,11,3,0,2026-02-01 00:00:00,,herrejo04,2025,herrejo04,josé herrera,,,,,,,,
James McCann,35,ARI,NL,1.0,42,137,123,18,32,6,0,5,17,0,0,8,33,0.26,0.324,0.431,0.754,107.0,0.334,109.0,53,3,4,1,1,0,2/H3,,mccanja02,2025,mccanja02,james mccann,0.313,0.408,0.239,7.6,92.3,30.4,24.1,5.8
Adrian Del Castillo*,25,ARI,NL,-0.1,44,131,120,9,29,6,0,4,17,0,0,8,47,0.242,0.29,0.392,0.682,87.0,0.297,82.0,47,2,1,0,2,0,DH/2,,delcaad01,2025,delcaad01,adrian del castillo,,,,,,,,
Ildemaro Vargas#,33,ARI,NL,0.2,38,121,115,12,31,2,1,3,19,0,0,2,15,0.27,0.292,0.383,0.674,86.0,0.291,78.0,44,3,2,1,1,0,43/H5D6,,vargail01,2025,vargail01,ildemaro vargas,0.287,0.376,0.262,3.9,89.2,26.5,12.4,1.7
Tyler Locklear,24,ARI,NL,-1.1,31,116,103,11,18,0,0,3,6,3,1,10,43,0.175,0.267,0.262,0.529,48.0,0.248,47.0,27,3,3,0,0,0,3/H,,locklty01,2025,locklty01,tyler locklear,0.252,0.287,0.172,6.7,87.9,18.3,37.1,8.6
Garrett Hampson,30,ARI,NL,0.1,18,41,30,10,5,0,0,0,0,2,1,9,10,0.167,0.359,0.167,0.526,53.0,0.268,61.0,5,0,0,2,0,0,4/H6857,,hampsga01,2025,hampsga01,garrett hampson,0.217,0.194,0.15,2.0,84.3,25.5,31.9,12.1
Jorge Barrosa#,24,ARI,NL,-0.7,33,77,71,8,10,3,0,1,7,0,0,2,22,0.141,0.169,0.225,0.394,8.0,0.17,-7.0,16,1,1,0,3,0,87/H9D,,barrojo01,2025,barrojo01,jorge barrosa,0.193,0.243,0.165,0.0,87.8,26.9,28.6,2.6
Jordan Lawlar,22,ARI,NL,-0.4,28,74,66,9,12,7,0,0,5,2,0,6,26,0.182,0.257,0.288,0.545,51.0,0.251,45.0,19,0,1,0,1,0,5H/D46,,lawlajo01,2025,lawlajo01,jordan lawlar,0.253,0.294,0.19,4.9,87.0,36.6,35.1,8.1
Tristin English,28,ARI,NL,-0.2,7,23,22,0,2,1,0,0,1,0,0,1,8,0.091,0.13,0.136,0.267,-26.0,0.124,-40.0,3,0,0,0,0,0,/3,,englitr01,2025,englitr01,tristin english,0.131,0.144,0.098,0.0,91.7,35.7,34.8,4.3
Connor Kaiser,28,ARI,NL,-0.3,11,19,18,1,2,1,0,0,2,0,0,1,5,0.111,0.158,0.167,0.325,-10.0,0.15,-22.0,3,1,0,0,0,0,/4H,,kaiseco01,2025,kaiseco01,connor kaiser,0.239,0.317,0.184,7.7,82.1,38.5,26.3,5.3
Aramis Garcia,32,ARI,NL,-0.1,2,4,4,0,0,0,0,0,0,0,0,0,3,0.0,0.0,0.0,0.0,-100.0,0.0,-126.0,0,0,0,0,0,0,/2,,garciar01,2025,garciar01,aramis garcia,,,,,,,,
Ryne Nelson,27,ARI,NL,0.1,1,1,1,1,1,0,0,0,1,0,0,0,0,1.0,1.0,1.0,2.0,459.0,0.901,500.0,1,0,0,0,0,0,1/H,,nelsory01,2025,nelsory01,ryne nelson,,,,,,,,
Kyle Backhus*,27,ARI,NL,0.0,1,0,0,0,0,0,0,0,0,0,0,0,0,,,,,,,,0,0,0,0,0,0,1,,backhky01,2025,backhky01,kyle backhus,,,,,,,,
John Curtiss,32,ARI,NL,0.0,1,0,0,0,0,0,0,0,0,0,0,0,0,,,,,,,,0,0,0,0,0,0,1,,curtijo02,2025,curtijo02,john curtiss,,,,,,,,
Brandyn Garcia*,25,ARI,NL,0.0,1,0,0,0,0,0,0,0,0,0,0,0,0,,,,,,,,0,0,0,0,0,0,1,,garcibr02,2025,garcibr02,brandyn garcia,,,,,,,,
Drey Jameson,27,ARI,NL,0.0,1,0,0,0,0,0,0,0,0,0,0,0,0,,,,,,,,0,0,0,0,0,0,/1,,jamesdr01,2025,jamesdr01,drey jameson,,,,,,,,
Joe Mantiply,34,ARI,NL,0.0,1,0,0,0,0,0,0,0,0,0,0,0,0,,,,,,,,0,0,0,0,0,0,1,,mantijo01,2025,mantijo01,joe mantiply,,,,,,,,
Justin Martínez,23,ARI,NL,0.0,2,0,0,0,0,0,0,0,0,0,0,0,0,,,,,,,,0,0,0,0,0,0,1,,martiju01,2025,martiju01,justin martínez,,,,,,,,
Shelby Miller,34,ARI,NL,0.0,2,0,0,0,0,0,0,0,0,0,0,0,0,,,,,,,,0,0,0,0,0,0,1,,millesh01,2025,millesh01,shelby miller,,,,,,,,
Juan Morillo,26,ARI,NL,0.0,2,0,0,0,0,0,0,0,0,0,0,0,0,,,,,,,,0,0,0,0,0,0,1,,morilju02,2025,morilju02,juan morillo,,,,,,,,
A.J. Puk*,30,ARI,NL,0.0,2,0,0,0,0,0,0,0,0,0,0,0,0,,,,,,,,0,0,0,0,0,0,/1,,pukaj01,2025,pukaj01,a.j. puk,,,,,,,,
Andrew Saalfrank*,27,ARI,NL,0.0,1,0,0,0,0,0,0,0,0,0,0,0,0,,,,,,,,0,0,0,0,0,0,1,,saalfan01,2025,saalfan01,andrew saalfrank,,,,,,,,
Ryan Thompson,33,ARI,NL,0.0,1,0,0,0,0,0,0,0,0,0,0,0,0,,,,,,,,0,0,0,0,0,0,1,,thompry02,2025,thompry02,ryan thompson,,,,,,,,
