Player,Age,Team,Lg,WAR,W,L,W-L%,ERA,G,GS,GF,CG,SHO,SV,IP,H,R,ER,HR,BB,IBB,SO,HBP,BK,WP,BF,ERA+,FIP,WHIP,H9,HR9,BB9,SO9,SO/BB,Awards,Player-additional,Year,player_clean,p_era,xwoba,whiff_percent,k_percent,bb_percent,hard_hit_percent,barrel_batted_rate,exit_velocity_avg
Merrill Kelly,32,ARI,NL,2.5,7,11,0.389,4.44,27,27,0,0,0,0,158.0,163,82,78,21,41,3,130,4,0,2,667,95.0,4.11,1.291,9.3,1.2,2.3,7.4,3.17,,kellyme01,2021,merrill kelly,4.44,0.324,20.6,19.5,6.1,39.6,6.3,89.0
Madison Bumgarner*,31,ARI,NL,1.4,7,10,0.412,4.67,26,26,0,1,1,0,146.1,134,82,76,24,39,2,124,11,1,2,613,90.0,4.63,1.182,8.2,1.5,2.4,7.6,3.18,,bumgama01,2021,madison bumgarner,4.67,0.319,21.7,20.2,6.4,38.5,7.5,88.8
Zac Gallen,25,ARI,NL,2.1,4,10,0.286,4.3,23,23,0,1,1,0,121.1,108,61,58,19,49,1,139,5,0,6,523,98.0,4.25,1.294,8.0,1.4,3.6,10.3,2.84,,galleza01,2021,zac gallen,4.3,0.307,23.6,26.6,9.4,43.0,7.9,89.2
Caleb Smith*,29,ARI,NL,0.7,4,9,0.308,4.83,45,13,4,0,0,0,113.2,93,64,61,20,63,3,124,6,0,2,500,87.0,5.1,1.372,7.4,1.6,5.0,9.8,1.97,,smithca03,2021,caleb smith,4.83,0.312,27.5,24.8,12.6,29.1,8.5,86.8
Matt Peacock,27,ARI,NL,0.2,5,7,0.417,4.9,35,8,12,0,0,0,86.1,107,55,47,13,28,5,50,1,1,2,386,86.0,4.98,1.564,11.2,1.4,2.9,5.2,1.79,,peacoma01,2021,matt peacock,4.9,0.317,18.0,13.0,7.3,45.9,6.2,90.2
Taylor Widener,26,ARI,NL,0.8,2,1,0.667,4.35,23,13,0,0,0,0,70.1,65,38,34,14,37,3,73,7,0,1,319,97.0,5.56,1.45,8.3,1.8,4.7,9.3,1.97,,widenta01,2021,taylor widener,4.35,0.357,23.4,22.9,11.6,45.0,9.4,89.9
Riley Smith,26,ARI,NL,-0.4,1,4,0.2,6.01,24,6,4,0,0,1,67.1,86,46,45,10,15,2,36,4,0,0,301,70.0,4.88,1.5,11.5,1.3,2.0,4.8,2.4,,smithri01,2021,riley smith,6.01,0.347,13.8,12.0,5.0,41.1,7.3,89.3
Luke Weaver,27,ARI,NL,1.0,3,6,0.333,4.25,13,13,0,0,0,0,65.2,58,34,31,11,20,3,62,1,0,0,275,100.0,4.42,1.188,7.9,1.5,2.7,8.5,3.1,,weavelu01,2021,luke weaver,4.25,0.326,23.7,22.5,7.3,41.4,9.4,90.1
Alex Young*,27,ARI,NL,-0.9,2,6,0.25,6.26,30,2,7,0,0,0,41.2,50,34,29,11,20,3,38,1,0,2,193,68.0,6.29,1.68,10.8,2.4,4.3,8.2,1.9,,youngal01,2021,alex young,6.58,0.364,27.1,17.5,11.0,39.9,9.2,90.2
Brett de Geus,23,ARI,NL,-0.8,3,2,0.6,6.56,28,0,9,0,0,0,23.1,31,22,17,3,12,1,15,2,0,3,111,65.0,5.36,1.843,12.0,1.2,4.6,5.8,1.25,,degeubr01,2021,brett de geus,,,,,,,,
Humberto Castellanos,23,ARI,NL,0.3,2,2,0.5,4.93,14,7,2,0,0,0,45.2,48,26,25,7,15,0,29,2,0,0,196,86.0,5.01,1.38,9.5,1.4,3.0,5.7,1.93,,castehu01,2021,humberto castellanos,4.93,0.317,15.1,14.8,7.7,34.2,7.4,87.9
J.B. Wendelken,28,ARI,NL,0.2,2,2,0.5,4.34,20,0,9,0,0,2,18.2,15,9,9,2,9,1,13,0,0,0,77,99.0,4.62,1.286,7.2,1.0,4.3,6.3,1.44,,wendejb01,2021,j.b. wendelken,4.33,0.331,23.7,20.1,11.3,34.6,6.8,87.9
Taylor Clarke,28,ARI,NL,0.0,1,3,0.25,4.98,43,0,10,0,0,0,43.1,52,28,24,4,14,2,39,0,0,2,194,85.0,3.54,1.523,10.8,0.8,2.9,8.1,2.79,,clarkta01,2021,taylor clarke,4.98,0.322,22.7,20.1,7.2,43.3,7.8,91.9
Tyler Gilbert*,27,ARI,NL,1.1,2,2,0.5,3.15,9,6,0,1,1,0,40.0,28,17,14,4,13,0,25,1,0,0,157,135.0,4.27,1.025,6.3,0.9,2.9,5.6,1.92,,gilbety01,2021,tyler gilbert,3.15,0.309,16.8,15.9,8.3,33.9,6.8,88.9
Joe Mantiply*,30,ARI,NL,0.0,0,3,0.0,3.4,57,0,7,0,0,0,39.2,45,24,15,1,17,3,38,1,0,2,177,125.0,2.94,1.563,10.2,0.2,3.9,8.6,2.24,,mantijo01,2021,joe mantiply,3.4,0.305,27.9,21.5,9.6,36.4,5.8,86.6
Joakim Soria,37,ARI,NL,0.3,1,4,0.2,4.3,31,0,20,0,0,6,29.1,31,14,14,4,8,0,31,1,1,1,125,99.0,3.75,1.33,9.5,1.2,2.5,9.5,3.88,,soriajo01,2021,joakim soria,5.06,0.304,26.0,25.2,7.5,38.7,7.5,88.3
Noé Ramirez,31,ARI,NL,0.8,0,2,0.0,2.76,36,0,6,0,0,1,32.2,18,12,10,2,11,0,29,3,0,2,132,154.0,3.48,0.888,5.0,0.6,3.0,8.0,2.64,,ramirno01,2021,noé ramirez,3.0,0.265,24.3,19.7,8.2,28.2,4.9,88.4
Jake Faria,27,ARI,NL,0.0,0,0,,5.51,23,3,6,0,0,0,32.2,39,21,20,5,13,0,32,2,1,3,154,77.0,4.58,1.592,10.7,1.4,3.6,8.8,2.46,,fariaja01,2021,jake faria,5.51,0.317,23.2,20.8,8.4,40.2,9.3,90.1
Kevin Ginkel,27,ARI,NL,-0.6,0,1,0.0,6.35,32,0,9,0,0,0,28.1,30,24,20,7,14,0,31,2,0,3,129,67.0,5.89,1.553,9.5,2.2,4.4,9.8,2.21,,ginkeke01,2021,kevin ginkel,6.35,0.346,25.3,24.0,10.9,36.6,13.4,86.4
Tyler Clippard,36,ARI,NL,0.6,1,1,0.5,3.2,26,0,15,0,0,6,25.1,22,12,9,3,11,1,21,3,0,1,111,133.0,4.71,1.303,7.8,1.1,3.9,7.5,1.91,,clippty01,2021,tyler clippard,3.2,0.359,24.3,18.9,9.9,38.2,11.8,88.1
Stefan Crichton,29,ARI,NL,-0.7,0,4,0.0,7.33,31,0,11,0,0,4,23.1,33,22,19,3,12,3,17,4,1,3,117,58.0,5.44,1.929,12.7,1.2,4.6,6.6,1.42,,crichst01,2021,stefan crichton,7.33,0.349,15.4,14.5,10.3,45.2,6.0,90.5
Sean Poppen,27,ARI,NL,0.0,1,1,0.5,4.67,20,0,4,0,0,1,17.1,20,11,9,1,7,2,21,2,0,2,82,92.0,3.05,1.558,10.4,0.5,3.6,10.9,3.0,,poppese01,2021,sean poppen,5.16,0.346,25.9,23.6,8.2,48.6,6.9,89.6
Humberto Mejía,24,ARI,NL,-0.4,0,3,0.0,7.25,5,5,0,0,0,0,22.1,32,19,18,5,9,1,20,0,0,0,105,59.0,5.5,1.836,12.9,2.0,3.6,8.1,2.22,,mejiahu01,2021,humberto mejía,7.25,0.36,21.6,19.0,8.6,34.2,7.9,90.0
JB Bukauskas,24,ARI,NL,-0.9,2,2,0.5,7.79,21,0,4,0,0,0,17.1,24,19,15,4,7,1,14,0,0,0,81,55.0,5.77,1.788,12.5,2.1,3.6,7.3,2.0,,bukaujb01,2021,jb bukauskas,,,,,,,,
Ryan Buchter*,34,ARI,NL,-0.2,0,2,0.0,6.61,18,0,2,0,0,0,16.1,16,13,12,5,13,1,16,2,1,0,78,65.0,7.95,1.776,8.8,2.8,7.2,8.8,1.23,,buchtry01,2021,ryan buchter,6.61,0.395,22.7,20.5,16.7,46.8,14.9,90.9
Corbin Martin,25,ARI,NL,-0.6,0,3,0.0,10.69,5,3,0,0,0,0,16.0,23,19,19,5,14,0,13,1,0,0,86,40.0,8.42,2.313,12.9,2.8,7.9,7.3,0.93,,martico02,2021,corbin martin,10.69,0.449,19.4,15.1,16.3,51.7,13.8,93.8
Seth Frankoff,32,ARI,NL,-0.4,0,2,0.0,9.2,4,3,1,0,0,0,14.2,20,15,15,4,9,0,11,2,0,3,74,47.0,7.47,1.977,12.3,2.5,5.5,6.8,1.22,,frankse01,2021,seth frankoff,9.2,0.375,17.9,14.9,12.2,36.5,7.7,85.2
Jon Duplantier,26,ARI,NL,-0.8,0,3,0.0,13.15,4,4,0,0,0,0,13.0,19,19,19,5,8,0,12,2,0,0,70,33.0,8.63,2.077,13.2,3.5,5.5,8.3,1.5,,duplajo01,2021,jon duplantier,13.15,0.389,20.8,17.1,11.4,39.6,14.6,90.2
Yoan López,28,ARI,NL,-0.2,0,0,,6.57,13,0,5,0,0,0,12.1,18,10,9,3,6,2,13,0,0,0,61,66.0,5.68,1.946,13.1,2.2,4.4,9.5,2.17,,lopezyo01,2021,yoan lópez,6.57,0.383,28.3,21.3,9.8,38.1,14.3,91.7
Anthony Swarzak,35,ARI,NL,-0.2,0,1,0.0,9.64,6,0,1,0,0,0,4.2,7,5,5,1,1,0,4,0,1,0,21,47.0,4.88,1.714,13.5,1.9,1.9,7.7,4.0,,swarzan01,2021,anthony swarzak,9.49,0.406,16.3,16.1,1.8,42.2,13.3,91.0
Chris Devenski,30,ARI,NL,-0.3,1,0,1.0,8.59,8,0,2,0,0,1,7.1,11,7,7,2,2,0,5,1,0,0,35,51.0,6.58,1.773,13.5,2.5,2.5,6.1,2.5,,devench02,2021,chris devenski,8.59,0.478,25.8,14.3,5.7,37.0,18.5,89.7
Miguel Aguilar*,29,ARI,NL,-0.2,1,1,0.5,6.43,9,0,2,0,0,0,7.0,6,6,5,0,4,1,3,0,0,0,29,69.0,4.03,1.429,7.7,0.0,5.1,3.9,0.75,,aguilmi01,2021,miguel aguilar,6.43,0.279,15.4,10.3,13.8,27.3,0.0,84.5
Jordan Weems,28,ARI,NL,-0.4,0,1,0.0,47.25,2,0,0,0,0,0,1.1,4,7,7,1,3,1,3,1,0,1,12,11.0,17.42,5.25,27.0,6.8,20.3,20.3,1.0,,weemsjo01,2021,jordan weems,15.88,0.451,24.6,23.3,20.0,62.5,18.8,95.2
Brandyn Sittinger,27,ARI,NL,-0.1,0,1,0.0,7.71,5,0,0,0,0,0,4.2,5,4,4,3,2,0,1,1,0,0,21,59.0,13.03,1.5,9.6,5.8,3.9,1.9,0.5,,sittibr01,2021,brandyn sittinger,7.71,0.571,13.3,4.8,9.5,70.6,23.5,95.3
Luis Frías,23,ARI,NL,0.1,0,0,,2.7,3,0,1,0,0,0,3.1,2,1,1,0,5,0,3,0,0,0,16,173.0,5.87,2.1,5.4,0.0,13.5,8.1,0.6,,friaslu01,2021,luis frías,2.7,0.383,22.2,18.8,31.3,50.0,0.0,91.0
Keury Mella,27,ARI,NL,-0.3,0,0,,32.4,2,0,1,0,0,0,1.2,8,6,6,2,2,0,2,0,0,0,15,16.0,19.97,6.0,43.2,10.8,10.8,10.8,1.0,,mellake01,2021,keury mella,32.4,0.494,18.2,13.3,13.3,36.4,18.2,91.2
Asdrúbal Cabrera,35,ARI,NL,0.1,0,0,,0.0,2,0,1,0,0,0,1.1,1,0,0,0,0,0,0,0,0,0,4,,3.17,0.75,6.8,0.0,0.0,0.0,,,cabreas01,2021,asdrúbal cabrera,,,,,,,,
Bryan Holaday,33,ARI,NL,0.0,0,0,,9.0,1,0,1,0,0,0,1.0,1,1,1,1,1,0,0,1,0,0,5,64.0,22.17,2.0,9.0,9.0,9.0,0.0,0.0,,holadbr01,2021,bryan holaday,,,,,,,,
Wyatt Mathisen,27,ARI,NL,0.0,0,0,,0.0,1,0,1,0,0,0,1.0,1,0,0,0,0,0,0,0,0,0,4,,3.17,1.0,9.0,0.0,0.0,0.0,,,mathiwy01,2021,wyatt mathisen,,,,,,,,
David Peralta*,33,ARI,NL,-0.1,0,0,,27.0,1,0,1,0,0,0,1.0,4,3,3,1,0,0,1,1,0,0,9,21.0,17.17,4.0,36.0,9.0,0.0,9.0,,,peralda01,2021,david peralta,,,,,,,,
Josh Reddick,34,ARI,NL,0.0,0,0,,13.5,1,0,1,0,0,0,0.2,2,1,1,1,1,0,0,0,0,0,5,48.0,27.17,4.5,27.0,13.5,13.5,0.0,0.0,,reddijo01,2021,josh reddick,,,,,,,,
Merrill Kelly,33,ARI,NL,3.8,13,8,0.619,3.37,33,33,0,0,0,0,200.1,167,77,75,21,61,2,177,2,1,4,804,119.0,3.65,1.138,7.5,0.9,2.7,8.0,2.9,,kellyme01,2022,merrill kelly,3.37,0.299,23.6,22.0,7.6,36.5,8.3,88.5
Zac Gallen,26,ARI,NL,5.3,12,4,0.75,2.54,31,31,0,0,0,0,184.0,121,56,52,15,47,0,192,12,0,5,714,158.0,3.05,0.913,5.9,0.7,2.3,9.4,4.09,CYA-5,galleza01,2022,zac gallen,2.54,0.279,23.0,26.9,6.6,36.1,7.8,87.8
Madison Bumgarner*,32,ARI,NL,-0.7,7,15,0.318,4.88,30,30,0,0,0,0,158.2,179,97,86,25,49,0,112,9,0,2,698,82.0,4.85,1.437,10.2,1.4,2.8,6.4,2.29,,bumgama01,2022,madison bumgarner,4.88,0.365,18.2,16.0,7.0,43.2,9.8,90.3
Zach Davies,29,ARI,NL,0.9,2,5,0.286,4.09,27,27,0,0,0,0,134.1,122,66,61,21,52,0,102,2,0,1,570,98.0,4.83,1.295,8.2,1.4,3.5,6.8,1.96,,davieza02,2022,zach davies,4.09,0.333,21.5,17.9,9.1,34.5,8.0,87.4
Caleb Smith*,30,ARI,NL,0.1,1,3,0.25,4.11,44,1,14,0,0,0,70.0,57,35,32,14,39,1,65,1,0,1,302,98.0,5.57,1.371,7.3,1.8,5.0,8.4,1.67,,smithca03,2022,caleb smith,4.11,0.308,28.8,21.5,12.9,29.9,6.6,86.0
Dallas Keuchel*,34,ARI,NL,-0.9,0,2,0.0,9.64,4,4,0,0,0,0,18.2,27,22,20,4,7,0,18,0,0,0,89,42.0,5.09,1.821,13.0,1.9,3.4,8.7,2.57,,keuchda01,2022,dallas keuchel,9.2,0.359,22.5,14.9,10.2,39.2,8.8,88.8
Joe Mantiply*,31,ARI,NL,0.9,2,5,0.286,2.85,69,0,9,0,0,2,60.0,59,22,19,6,6,0,61,3,1,3,243,142.0,2.83,1.083,8.9,0.9,0.9,9.2,10.17,AS,mantijo01,2022,joe mantiply,2.85,0.28,29.2,25.1,2.5,37.6,4.0,86.5
Mark Melancon,37,ARI,NL,-0.8,3,10,0.231,4.66,62,0,48,0,0,18,56.0,63,37,29,5,21,2,35,1,0,6,247,87.0,4.2,1.5,10.1,0.8,3.4,5.6,1.67,,melanma01,2022,mark melancon,4.66,0.341,20.8,14.2,8.5,38.9,6.8,89.7
Ian Kennedy,37,ARI,NL,-1.1,4,7,0.364,5.36,57,0,21,0,0,10,50.1,57,33,30,11,22,3,44,1,0,3,232,75.0,5.58,1.57,10.2,2.0,3.9,7.9,2.0,,kenneia01,2022,ian kennedy,5.36,0.374,19.4,19.0,9.5,45.1,12.2,92.2
Noé Ramirez,32,ARI,NL,-0.8,5,4,0.556,5.22,55,0,3,0,0,0,50.0,45,32,29,9,26,2,51,3,0,2,215,77.0,5.15,1.42,8.1,1.6,4.7,9.2,1.96,,ramirno01,2022,noé ramirez,5.22,0.32,27.6,23.7,12.1,37.0,8.9,87.8
Tommy Henry*,24,ARI,NL,-0.1,3,4,0.429,5.36,9,9,0,0,0,0,47.0,47,28,28,10,21,1,36,3,0,3,205,75.0,5.88,1.447,9.0,1.9,4.0,6.9,1.71,,henryto01,2022,tommy henry,5.36,0.34,23.4,17.6,10.2,39.3,9.0,90.0
Humberto Castellanos,24,ARI,NL,-0.4,3,2,0.6,5.68,11,9,1,0,0,0,44.1,50,29,28,7,12,0,32,4,0,2,194,71.0,4.8,1.398,10.2,1.4,2.4,6.5,2.67,,castehu01,2022,humberto castellanos,5.68,0.35,17.8,16.5,6.2,37.9,6.9,89.6
Reyes Moronta,29,ARI,NL,-0.1,2,2,0.5,4.5,17,0,8,0,0,2,14.0,13,9,7,0,8,1,11,0,0,4,63,92.0,3.25,1.5,8.4,0.0,5.1,7.1,1.38,,moronre01,2022,reyes moronta,4.3,0.283,27.1,23.6,11.2,35.0,6.8,86.4
Kyle Nelson*,25,ARI,NL,1.0,2,1,0.667,2.19,43,1,4,0,0,0,37.0,26,10,9,1,14,0,30,3,0,1,151,185.0,3.22,1.081,6.3,0.2,3.4,7.3,2.14,,nelsoky01,2022,kyle nelson,2.19,0.313,26.6,19.9,9.3,38.5,7.7,88.5
Luke Weaver,28,ARI,NL,-0.4,1,1,0.5,7.71,12,1,4,0,0,0,16.1,24,14,14,1,5,0,19,1,0,0,79,53.0,2.68,1.776,13.2,0.6,2.8,10.5,3.8,,weavelu01,2022,luke weaver,6.56,0.356,22.8,21.8,7.5,45.0,10.8,91.5
Tyler Gilbert*,28,ARI,NL,-0.2,0,3,0.0,5.24,8,7,1,0,0,0,34.1,33,21,20,8,10,1,20,1,0,0,146,77.0,5.94,1.252,8.7,2.1,2.6,5.2,2.0,,gilbety01,2022,tyler gilbert,5.24,0.397,19.6,13.7,6.8,42.1,11.4,88.9
Kevin Ginkel,28,ARI,NL,0.1,1,1,0.5,3.38,30,0,3,0,0,1,29.1,27,14,11,1,11,0,30,1,0,1,124,120.0,2.74,1.295,8.3,0.3,3.4,9.2,2.73,,ginkeke01,2022,kevin ginkel,3.38,0.271,26.9,24.2,8.9,32.9,4.9,89.0
J.B. Wendelken,29,ARI,NL,-0.3,2,1,0.667,5.28,29,0,6,0,0,0,29.0,25,18,17,4,14,0,21,1,0,1,122,77.0,5.01,1.345,7.8,1.2,4.3,6.5,1.5,,wendejb01,2022,j.b. wendelken,5.28,0.378,22.2,17.2,11.5,32.6,7.0,87.9
Sean Poppen,28,ARI,NL,-0.1,2,2,0.5,4.4,29,0,6,0,0,0,28.2,27,15,14,5,12,3,22,1,0,2,120,93.0,5.21,1.36,8.5,1.6,3.8,6.9,1.83,,poppese01,2022,sean poppen,4.4,0.295,16.0,18.3,10.0,36.5,7.1,89.1
Drey Jameson,24,ARI,NL,1.2,3,0,1.0,1.48,4,4,0,0,0,0,24.1,20,4,4,2,7,0,24,1,0,1,98,276.0,3.19,1.11,7.4,0.7,2.6,8.9,3.43,,jamesdr01,2022,drey jameson,1.48,0.331,26.7,24.5,7.1,48.5,7.6,88.9
Corbin Martin,26,ARI,NL,-0.2,0,1,0.0,4.84,7,2,1,0,0,0,22.1,25,14,12,3,12,0,21,0,0,2,101,84.0,4.59,1.657,10.1,1.2,4.8,8.5,1.75,,martico02,2022,corbin martin,4.84,0.396,26.6,20.8,11.9,52.9,10.3,91.8
Ryne Nelson,24,ARI,NL,0.8,1,1,0.5,1.47,3,3,0,0,0,0,18.1,9,4,3,2,6,1,16,0,0,0,69,278.0,3.77,0.818,4.4,1.0,2.9,7.9,2.67,,nelsory01,2022,ryne nelson,1.47,0.241,23.6,23.2,8.7,36.2,6.4,89.6
Taylor Widener,27,ARI,NL,0.2,0,1,0.0,3.63,14,0,4,0,0,0,17.1,22,8,7,2,5,1,14,3,0,0,82,113.0,4.38,1.558,11.4,1.0,2.6,7.3,2.8,,widenta01,2022,taylor widener,3.63,0.323,20.1,17.1,6.1,40.0,6.7,88.2
Luis Frías,24,ARI,NL,-1.0,1,1,0.5,10.59,15,0,6,0,0,0,17.0,23,20,20,1,17,0,14,1,1,4,90,39.0,5.41,2.353,12.2,0.5,9.0,7.4,0.82,,friaslu01,2022,luis frías,10.59,0.362,23.6,15.6,18.9,44.8,5.2,91.6
Keynan Middleton,28,ARI,NL,-0.6,1,2,0.333,5.29,18,0,2,0,0,0,17.0,16,13,10,5,3,0,15,1,0,1,69,78.0,5.88,1.118,8.5,2.6,1.6,7.9,5.0,,middlke01,2022,keynan middleton,5.29,0.363,36.6,21.7,4.3,38.0,12.0,87.6
Edwin Uceta,24,ARI,NL,-0.2,0,0,,5.82,10,0,5,0,0,0,17.0,14,12,11,2,7,0,13,1,0,1,73,70.0,4.52,1.235,7.4,1.1,3.7,6.9,1.86,,ucetaed01,2022,edwin uceta,5.82,0.296,24.8,17.8,9.6,38.5,5.8,86.9
Chris Devenski,31,ARI,NL,-0.3,2,1,0.667,7.59,10,0,0,0,0,0,10.2,14,9,9,2,1,0,9,1,0,0,48,55.0,4.42,1.406,11.8,1.7,0.8,7.6,9.0,,devench02,2022,chris devenski,8.59,0.351,26.6,17.9,1.5,49.1,15.1,91.7
Paul Fry*,29,ARI,NL,0.0,0,0,,9.0,1,0,1,0,0,0,1.0,2,1,1,0,2,0,2,0,0,0,7,62.0,5.11,4.0,18.0,0.0,18.0,18.0,1.0,,frypa01,2022,paul fry,6.23,0.346,27.6,23.0,14.8,51.4,2.9,94.6
Matt Peacock,28,ARI,NL,0.0,0,0,,6.75,2,0,2,0,0,0,2.2,3,2,2,1,2,0,2,0,0,0,13,68.0,8.74,1.875,10.1,3.4,6.8,6.8,1.0,,peacoma01,2022,matt peacock,5.4,0.314,22.1,13.0,8.7,36.1,5.6,87.9
Tyler Holton*,26,ARI,NL,0.1,0,0,,3.0,10,0,5,0,0,0,9.0,8,3,3,1,2,0,6,1,0,1,39,139.0,4.22,1.111,8.0,1.0,2.0,6.0,3.0,,holtoty01,2022,tyler holton,3.0,0.302,29.6,15.4,5.1,36.7,3.3,86.6
Carson Kelly,27,ARI,NL,-0.1,0,0,,7.71,4,0,4,0,0,0,4.2,9,4,4,1,2,0,0,0,0,0,24,56.0,7.18,2.357,17.4,1.9,3.9,0.0,0.0,,kellyca02,2022,carson kelly,,,,,,,,
Óliver Pérez*,40,ARI,NL,-0.7,1,1,0.5,15.75,7,0,1,0,0,0,4.0,8,9,7,1,1,0,1,1,0,0,24,28.0,7.36,2.25,18.0,2.3,2.3,2.3,1.0,,perezol01,2022,óliver pérez,,,,,,,,
Jake Hager,29,ARI,NL,0.0,0,0,,7.71,3,0,3,0,0,0,2.1,3,2,2,0,0,0,1,0,0,0,10,61.0,2.25,1.286,11.6,0.0,0.0,3.9,,,hagerja01,2022,jake hager,,,,,,,,
Zac Gallen,27,ARI,NL,4.4,17,9,0.654,3.47,34,34,0,1,1,0,210.0,188,87,81,22,47,0,220,5,1,8,846,126.0,3.26,1.119,8.1,0.9,2.0,9.4,4.68,ASCYA-3MVP-23,galleza01,2023,zac gallen,3.47,0.315,26.4,26.0,5.6,46.2,9.2,91.5
Merrill Kelly,34,ARI,NL,4.0,12,8,0.6,3.29,30,30,0,0,0,0,177.2,143,71,65,20,69,0,187,4,4,3,722,133.0,3.85,1.193,7.2,1.0,3.5,9.5,2.71,,kellyme01,2023,merrill kelly,3.29,0.313,27.0,25.9,9.4,41.8,7.8,89.6
Ryne Nelson,25,ARI,NL,0.0,8,8,0.5,5.31,29,27,1,0,0,0,144.0,159,87,85,24,46,0,96,1,1,6,619,83.0,5.07,1.424,9.9,1.5,2.9,6.0,2.09,,nelsory01,2023,ryne nelson,5.31,0.349,20.3,15.5,7.4,42.7,11.6,90.8
Brandon Pfaadt,24,ARI,NL,-0.4,3,9,0.25,5.72,19,18,1,0,0,0,96.0,109,63,61,22,26,0,94,3,0,0,421,77.0,5.18,1.406,10.2,2.1,2.4,8.8,3.62,,pfaadbr01,2023,brandon pfaadt,5.72,0.326,25.0,22.3,6.2,44.0,11.7,90.1
Tommy Henry*,25,ARI,NL,1.1,5,4,0.556,4.15,17,16,0,0,0,0,89.0,86,42,41,12,35,2,64,4,0,1,381,106.0,4.88,1.36,8.7,1.2,3.5,6.5,1.83,,henryto01,2023,tommy henry,4.15,0.321,22.3,16.8,9.2,32.4,7.6,87.9
Zach Davies,30,ARI,NL,-1.4,2,5,0.286,7.0,18,18,0,0,0,0,82.1,98,67,64,10,39,0,72,2,0,0,377,63.0,4.58,1.664,10.7,1.1,4.3,7.9,1.85,,davieza02,2023,zach davies,7.0,0.355,22.0,19.1,10.3,42.4,8.0,89.7
Scott McGough,33,ARI,NL,0.1,2,7,0.222,4.73,63,1,24,0,0,9,70.1,60,40,37,14,30,2,86,2,0,3,301,93.0,4.76,1.28,7.7,1.8,3.8,11.0,2.87,,mcgousc01,2023,scott mcgough,4.73,0.319,32.0,28.6,10.0,48.6,10.4,91.3
Kevin Ginkel,29,ARI,NL,1.3,9,1,0.9,2.48,60,0,19,0,0,4,65.1,41,24,18,3,23,1,70,2,1,5,254,178.0,2.86,0.98,5.6,0.4,3.2,9.6,3.04,,ginkeke01,2023,kevin ginkel,2.48,0.273,31.2,27.5,9.4,37.1,7.5,88.0
Miguel Castro,28,ARI,NL,0.4,6,6,0.5,4.31,75,0,21,0,0,7,64.2,51,32,31,8,25,3,60,3,0,0,268,102.0,4.31,1.175,7.1,1.1,3.5,8.4,2.4,,castrmi01,2023,miguel castro,4.31,0.304,26.9,22.4,9.3,28.3,6.1,86.1
Paul Sewald,33,ARI,NL,0.4,0,1,0.0,3.57,20,0,16,0,0,13,17.2,16,8,7,3,10,0,20,1,0,0,80,125.0,5.07,1.472,8.2,1.5,5.1,10.2,2.0,,sewalpa01,2023,paul sewald,3.12,0.259,29.3,32.1,9.6,29.9,5.6,85.9
Kyle Nelson*,26,ARI,NL,0.0,7,4,0.636,4.18,68,2,8,0,0,0,56.0,59,30,26,12,14,1,67,1,0,1,239,106.0,4.45,1.304,9.5,1.9,2.3,10.8,4.79,,nelsoky01,2023,kyle nelson,4.18,0.298,31.0,28.0,5.9,39.5,9.6,89.6
Andrew Chafin*,33,ARI,NL,0.1,2,3,0.4,4.19,43,0,14,0,0,8,34.1,31,17,16,3,18,0,49,0,0,1,150,106.0,3.11,1.427,8.1,0.8,4.7,12.8,2.72,,chafian01,2023,andrew chafin,4.73,0.321,31.8,28.1,12.5,32.6,9.8,86.8
José Ruiz,28,ARI,NL,0.0,2,1,0.667,4.43,34,1,13,0,0,0,40.2,44,22,20,7,17,1,36,4,0,3,182,100.0,5.27,1.5,9.7,1.5,3.8,8.0,2.12,,ruizjo01,2023,josé ruiz,5.89,0.354,29.5,18.8,10.1,36.2,8.5,89.0
Drey Jameson,25,ARI,NL,0.8,3,1,0.75,3.32,15,3,3,0,0,1,40.2,40,15,15,6,18,0,37,1,0,0,174,133.0,4.76,1.426,8.9,1.3,4.0,8.2,2.06,,jamesdr01,2023,drey jameson,3.32,0.356,30.0,21.3,10.3,47.5,13.6,92.0
Joe Mantiply*,32,ARI,NL,0.1,2,2,0.5,4.62,35,3,9,0,0,0,39.0,35,22,20,4,9,1,28,0,0,1,157,96.0,3.84,1.128,8.1,0.9,2.1,6.5,3.11,,mantijo01,2023,joe mantiply,4.62,0.309,23.2,17.8,5.7,35.8,9.2,87.7
Peter Strzelecki,28,ARI,NL,0.0,0,0,,0.0,1,0,0,0,0,0,1.1,1,0,0,0,2,0,0,0,0,0,7,,7.76,2.25,6.8,0.0,13.5,0.0,0.0,,strzepe01,2023,peter strzelecki,4.38,0.316,26.6,22.7,7.4,36.8,7.5,89.1
Luis Frías,25,ARI,NL,0.3,1,0,1.0,4.06,29,0,7,0,0,0,31.0,30,14,14,3,17,0,26,2,0,1,139,109.0,4.67,1.516,8.7,0.9,4.9,7.5,1.53,,friaslu01,2023,luis frías,4.06,0.344,26.4,18.7,12.2,38.3,8.5,89.7
Ryan Thompson,31,ARI,NL,0.7,0,0,,0.69,13,0,2,0,0,1,13.0,6,1,1,1,1,0,9,1,0,0,45,650.0,3.33,0.538,4.2,0.7,0.7,6.2,9.0,,thompry02,2023,ryan thompson,3.82,0.279,17.8,17.4,6.6,34.1,5.7,86.9
Slade Cecconi,24,ARI,NL,0.3,0,1,0.0,4.33,7,4,0,0,0,0,27.0,27,13,13,4,4,0,20,2,0,0,111,102.0,4.37,1.148,9.0,1.3,1.3,6.7,5.0,,ceccosl01,2023,slade cecconi,4.33,0.335,18.3,18.0,3.6,47.1,10.6,91.0
Bryce Jarvis,25,ARI,NL,0.4,2,1,0.667,3.04,11,1,2,0,0,0,23.2,14,9,8,3,9,0,12,0,0,0,92,146.0,5.03,0.972,5.3,1.1,3.4,4.6,1.33,,jarvibr01,2023,bryce jarvis,3.04,0.356,18.2,13.0,9.8,45.1,9.9,90.2
Austin Adams,32,ARI,NL,-0.2,0,1,0.0,5.71,24,0,1,0,0,0,17.1,16,12,11,1,8,0,22,5,0,2,81,78.0,3.72,1.385,8.3,0.5,4.2,11.4,2.75,,adamsau02,2023,austin adams,5.71,0.295,29.3,27.2,9.9,32.6,4.3,84.3
Tyler Gilbert*,29,ARI,NL,0.0,0,2,0.0,5.19,11,0,1,0,0,0,17.1,21,10,10,2,5,0,19,0,0,1,72,86.0,3.43,1.5,10.9,1.0,2.6,9.9,3.8,,gilbety01,2023,tyler gilbert,5.19,0.383,27.2,26.4,6.9,45.8,12.5,91.6
Madison Bumgarner*,33,ARI,NL,-0.7,0,3,0.0,10.26,4,4,0,0,0,0,16.2,25,20,19,4,15,0,10,1,0,0,90,44.0,8.06,2.4,13.5,2.2,8.1,5.4,0.67,,bumgama01,2023,madison bumgarner,10.26,0.43,17.1,11.1,16.7,43.8,12.5,89.4
Peter Solomon,26,ARI,NL,-0.5,0,0,,12.15,5,0,2,0,0,0,13.1,17,18,18,2,11,0,6,1,0,1,67,37.0,7.01,2.1,11.5,1.4,7.4,4.1,0.55,,solompe01,2023,peter solomon,12.15,0.429,20.7,9.0,16.4,59.2,14.3,94.3
Nabil Crismatt,28,ARI,NL,0.1,0,1,0.0,0.0,1,0,1,0,0,0,2.0,2,1,0,0,0,0,3,0,1,0,8,,0.26,1.0,9.0,0.0,0.0,13.5,,,crismna01,2023,nabil crismatt,8.31,0.32,32.5,18.5,10.8,35.6,8.9,86.6
Anthony Misiewicz*,28,ARI,NL,0.0,1,0,1.0,5.63,7,0,1,0,0,0,8.0,11,5,5,1,3,0,6,0,0,2,37,81.0,4.51,1.75,12.4,1.1,3.4,6.8,2.0,,misiean01,2023,anthony misiewicz,7.36,0.419,21.0,14.5,10.9,48.8,9.8,93.2
Andrew Saalfrank*,25,ARI,NL,0.5,0,0,,0.0,10,0,0,0,0,0,10.1,7,2,0,0,4,1,6,0,0,0,41,,3.26,1.065,6.1,0.0,3.5,5.2,1.5,,saalfan01,2023,andrew saalfrank,0.0,0.29,31.4,14.6,9.8,48.4,0.0,86.7
Justin Martínez,21,ARI,NL,-0.5,0,0,,12.6,10,0,4,0,0,1,10.0,13,14,14,2,11,1,14,2,0,1,57,36.0,6.96,2.4,11.7,1.8,9.9,12.6,1.27,,martiju01,2023,justin martínez,,,,,,,,
Cole Sulser,33,ARI,NL,-0.1,0,0,,6.75,4,0,1,0,0,0,5.1,5,4,4,2,3,0,4,0,0,0,23,69.0,8.32,1.5,8.4,3.4,5.1,6.8,1.33,,sulseco01,2023,cole sulser,6.75,0.411,36.8,17.4,13.0,50.0,12.5,90.3
Carlos Vargas,23,ARI,NL,0.0,0,0,,5.79,5,0,3,0,0,0,4.2,5,3,3,2,4,0,7,1,0,0,22,81.0,9.04,1.929,9.6,3.9,7.7,13.5,1.75,,vargaca01,2023,carlos vargas,5.79,0.454,33.3,31.8,18.2,70.0,20.0,95.4
Carson Kelly,28,ARI,NL,0.0,0,0,,9.0,2,0,2,0,0,0,2.0,5,2,2,0,1,0,0,0,0,0,12,57.0,4.76,3.0,22.5,0.0,4.5,0.0,0.0,,kellyca02,2023,carson kelly,,,,,,,,
José Herrera,26,ARI,NL,0.0,0,0,,9.0,2,0,2,0,0,0,2.0,4,2,2,0,0,0,0,0,0,0,10,57.0,3.26,2.0,18.0,0.0,0.0,0.0,,,herrejo04,2023,josé herrera,,,,,,,,
Josh Rojas,29,ARI,NL,-0.1,0,0,,18.0,2,0,2,0,0,0,2.0,6,4,4,0,1,0,1,0,0,0,13,29.0,3.76,3.5,27.0,0.0,4.5,4.5,1.0,,rojasjo01,2023,josh rojas,,,,,,,,
Seby Zavala,29,ARI,NL,0.0,0,0,,0.0,1,0,1,0,0,0,0.2,0,0,0,0,0,0,0,0,0,0,2,,3.26,0.0,0.0,0.0,0.0,0.0,,,zavalse01,2023,seby zavala,,,,,,,,
Brandon Pfaadt,25,ARI,NL,0.4,11,10,0.524,4.71,32,32,0,0,0,0,181.2,183,103,95,24,42,1,185,4,0,1,760,89.0,3.61,1.239,9.1,1.2,2.1,9.2,4.4,,pfaadbr01,2024,brandon pfaadt,4.71,0.303,25.4,24.3,5.5,39.4,8.1,89.4
Ryne Nelson,26,ARI,NL,1.6,10,6,0.625,4.24,28,25,1,0,0,1,150.2,155,73,71,17,34,2,126,5,0,4,630,99.0,3.74,1.254,9.3,1.0,2.0,7.5,3.71,,nelsory01,2024,ryne nelson,4.24,0.316,18.2,20.0,5.4,41.6,7.5,90.1
Zac Gallen,28,ARI,NL,2.6,14,6,0.7,3.65,28,28,0,0,0,0,148.0,133,62,60,13,54,0,156,4,0,5,621,115.0,3.38,1.264,8.1,0.8,3.3,9.5,2.89,,galleza01,2024,zac gallen,3.65,0.311,26.0,25.1,8.7,41.0,7.4,90.0
Jordan Montgomery*,31,ARI,NL,-1.4,8,7,0.533,6.23,25,21,3,0,0,1,117.0,149,83,81,14,44,3,83,2,0,7,532,67.0,4.48,1.65,11.5,1.1,3.4,6.4,1.89,,montgjo01,2024,jordan montgomery,6.23,0.35,26.9,15.6,8.3,41.0,6.0,88.6
Slade Cecconi,25,ARI,NL,-1.1,2,7,0.222,6.66,20,13,2,0,0,0,77.0,92,57,57,16,17,1,64,4,1,2,338,63.0,5.02,1.416,10.8,1.9,2.0,7.5,3.76,,ceccosl01,2024,slade cecconi,6.66,0.33,19.6,18.9,5.0,36.4,10.3,89.0
Merrill Kelly,35,ARI,NL,1.1,5,1,0.833,4.03,13,13,0,0,0,0,73.2,67,35,33,11,19,0,63,2,2,1,300,104.0,4.25,1.167,8.2,1.3,2.3,7.7,3.32,,kellyme01,2024,merrill kelly,4.03,0.345,21.3,21.0,6.3,40.9,10.7,90.5
Justin Martínez,22,ARI,NL,1.9,5,6,0.455,2.48,64,0,28,0,0,8,72.2,59,26,20,2,36,6,91,2,1,8,308,170.0,2.59,1.307,7.3,0.2,4.5,11.3,2.53,,martiju01,2024,justin martínez,,,,,,,,
A.J. Puk*,29,ARI,NL,1.3,0,1,0.0,1.32,30,0,5,0,0,2,27.1,15,4,4,2,5,2,43,1,0,0,103,322.0,1.63,0.732,4.9,0.7,1.6,14.2,8.6,,pukaj01,2024,a.j. puk,3.15,0.262,31.8,29.9,9.5,33.5,4.0,86.2
Kevin Ginkel,30,ARI,NL,0.8,8,3,0.727,3.21,72,0,16,0,0,5,70.0,69,31,25,6,15,0,77,3,0,4,291,131.0,2.85,1.2,8.9,0.8,1.9,9.9,5.13,,ginkeke01,2024,kevin ginkel,3.21,0.283,27.9,26.5,5.2,40.8,5.6,89.8
Dylan Floro,33,ARI,NL,-0.8,3,1,0.75,9.37,15,0,2,0,0,0,16.1,23,17,17,4,4,0,8,1,0,0,75,46.0,6.29,1.653,12.7,2.2,2.2,4.4,2.0,,florody01,2024,dylan floro,3.8,0.311,18.4,17.2,6.1,39.0,4.2,90.2
Ryan Thompson,32,ARI,NL,1.0,7,5,0.583,3.26,67,0,4,0,0,2,66.1,64,26,24,5,15,2,52,1,0,2,272,129.0,3.3,1.191,8.7,0.7,2.0,7.1,3.47,,thompry02,2024,ryan thompson,3.26,0.312,23.0,19.1,5.5,44.6,7.4,90.0
Joe Mantiply*,33,ARI,NL,0.6,6,2,0.75,3.92,75,2,8,0,0,1,59.2,52,27,26,1,18,7,53,0,1,3,243,107.0,2.51,1.173,7.8,0.2,2.7,8.0,2.94,,mantijo01,2024,joe mantiply,3.92,0.284,27.5,21.8,7.4,41.9,7.6,88.1
Bryce Jarvis,26,ARI,NL,0.8,1,2,0.333,3.19,44,0,17,0,0,0,59.1,52,25,21,6,33,4,38,5,0,4,258,132.0,5.12,1.433,7.9,0.9,5.0,5.8,1.15,,jarvibr01,2024,bryce jarvis,3.19,0.357,21.8,14.7,12.8,40.1,7.1,90.5
Eduardo Rodríguez*,31,ARI,NL,0.2,3,4,0.429,5.04,10,10,0,0,0,0,50.0,56,29,28,8,19,1,47,1,0,0,224,84.0,4.57,1.5,10.1,1.4,3.4,8.5,2.47,,rodried05,2024,eduardo rodríguez,,,,,,,,
Paul Sewald,34,ARI,NL,0.2,1,2,0.333,4.31,42,0,34,0,0,16,39.2,35,19,19,6,10,1,43,3,0,0,165,98.0,3.95,1.134,7.9,1.4,2.3,9.8,4.3,,sewalpa01,2024,paul sewald,4.31,0.304,24.4,26.1,6.1,42.2,9.2,90.0
Tommy Henry*,26,ARI,NL,-0.8,2,3,0.4,7.04,9,7,1,0,0,0,38.1,49,31,30,9,18,0,30,4,0,0,182,60.0,6.37,1.748,11.5,2.1,4.2,7.0,1.67,,henryto01,2024,tommy henry,7.04,0.385,16.7,16.5,9.9,46.2,11.5,91.3
Thyago Vieira,31,ARI,NL,0.2,0,1,0.0,2.87,11,0,4,0,0,0,15.2,11,6,5,2,9,0,14,0,1,2,66,149.0,4.76,1.277,6.3,1.1,5.2,8.0,1.56,,vieirth01,2024,thyago vieira,5.21,0.349,24.8,22.0,14.7,45.5,10.0,89.6
Scott McGough,34,ARI,NL,-1.1,1,3,0.25,7.44,26,2,7,0,0,0,32.2,34,30,27,6,21,0,25,1,1,1,150,57.0,6.04,1.684,9.4,1.7,5.8,6.9,1.19,,mcgousc01,2024,scott mcgough,7.44,0.37,25.5,16.7,14.0,41.7,11.7,90.8
Matt Bowman,33,ARI,NL,-0.1,0,0,,8.1,4,0,1,0,0,0,6.2,8,6,6,1,2,0,4,0,0,0,31,54.0,4.82,1.5,10.8,1.4,2.7,5.4,2.0,,bowmama01,2024,matt bowman,4.4,0.342,18.6,18.2,9.8,40.9,11.8,89.3
Yilber Díaz,23,ARI,NL,0.3,1,1,0.5,3.81,7,4,1,0,0,0,28.1,27,13,12,3,12,0,19,0,0,1,119,111.0,4.47,1.376,8.6,1.0,3.8,6.0,1.58,,diazyi01,2024,yilber díaz,3.81,0.348,20.1,16.0,10.1,45.5,4.5,91.3
Logan Allen*,27,ARI,NL,-0.1,0,1,0.0,5.46,12,0,4,0,0,1,28.0,32,17,17,3,10,0,21,2,0,0,128,77.0,4.34,1.5,10.3,1.0,3.2,6.8,2.1,,allenlo01,2024,logan allen,5.73,0.369,21.2,18.3,9.5,46.4,11.4,91.0
Logan Allen*,27,ARI,NL,-0.1,0,1,0.0,5.46,12,0,4,0,0,1,28.0,32,17,17,3,10,0,21,2,0,0,128,77.0,4.34,1.5,10.3,1.0,3.2,6.8,2.1,,allenlo01,2024,logan allen,5.46,0.36,19.7,16.4,7.8,40.0,5.3,89.3
Blake Walston*,23,ARI,NL,-0.1,1,0,1.0,4.42,7,2,3,0,0,0,18.1,16,12,9,4,10,0,18,3,0,0,83,96.0,6.17,1.418,7.9,2.0,4.9,8.8,1.8,,walstbl01,2024,blake walston,4.42,0.345,22.1,21.7,12.0,36.5,9.6,90.1
Brandon Hughes*,28,ARI,NL,-0.4,0,0,,8.15,15,2,4,0,0,0,17.2,24,16,16,8,10,0,21,2,0,1,89,52.0,8.71,1.925,12.2,4.1,5.1,10.7,2.1,,hughebr01,2024,brandon hughes,8.15,0.451,28.5,23.6,11.2,41.1,21.4,86.5
Miguel Castro,29,ARI,NL,-0.1,0,0,,5.93,11,0,2,0,0,0,13.2,20,9,9,3,3,0,8,1,0,0,64,72.0,5.73,1.683,13.2,2.0,2.0,5.3,2.67,,castrmi01,2024,miguel castro,5.93,0.379,18.5,12.5,4.7,25.0,5.8,84.6
Kyle Nelson*,27,ARI,NL,0.1,0,0,,4.22,11,0,4,0,0,0,10.2,8,5,5,2,4,1,8,0,0,0,42,102.0,5.23,1.125,6.8,1.7,3.4,6.8,2.0,,nelsoky01,2024,kyle nelson,4.22,0.365,23.0,19.0,9.5,53.3,6.7,91.0
Humberto Castellanos,26,ARI,NL,-0.1,0,0,,5.23,7,0,4,0,0,1,10.1,11,6,6,0,4,0,7,2,0,1,48,83.0,3.55,1.452,9.6,0.0,3.5,6.1,1.75,,castehu01,2024,humberto castellanos,5.23,0.358,15.6,14.6,8.3,37.1,0.0,86.9
Luis Frías,26,ARI,NL,-0.4,0,1,0.0,9.95,7,0,4,0,0,0,6.1,11,8,7,1,4,0,7,0,0,1,31,44.0,4.9,2.368,15.6,1.4,5.7,9.9,1.75,,friaslu01,2024,luis frías,13.97,0.421,25.2,22.6,13.2,52.9,11.8,91.7
Cristian Mena,21,ARI,NL,-0.2,0,0,,12.0,1,1,0,0,0,0,3.0,4,4,4,2,3,0,2,0,1,0,15,39.0,13.5,2.333,12.0,6.0,9.0,6.0,0.67,,menacr01,2024,cristian mena,12.0,0.463,29.4,13.3,20.0,50.0,20.0,94.8
Joe Jacques*,29,ARI,NL,-0.1,0,0,,13.5,1,0,0,0,0,0,1.1,3,2,2,1,1,0,0,0,0,0,7,39.0,15.17,3.0,20.3,6.8,6.8,0.0,0.0,,jacqujo01,2024,joe jacques,9.0,0.545,16.7,12.5,6.3,50.0,16.7,87.1
Tucker Barnhart,33,ARI,NL,-0.1,0,0,,18.0,1,0,1,0,0,0,1.0,4,2,2,1,0,0,0,0,0,0,7,32.0,16.17,4.0,36.0,9.0,0.0,0.0,,,barnhtu01,2024,tucker barnhart,,,,,,,,
Andrew Saalfrank*,26,ARI,NL,-0.3,0,0,,36.0,2,0,1,0,0,0,1.0,2,4,4,0,4,1,0,0,0,1,8,16.0,15.17,6.0,18.0,0.0,36.0,0.0,0.0,,saalfan01,2024,andrew saalfrank,36.0,0.597,20.0,0.0,50.0,75.0,25.0,96.8
Pavin Smith*,28,ARI,NL,0.0,0,0,,0.0,1,0,1,0,0,0,1.0,0,0,0,0,1,0,0,1,0,0,5,,9.17,1.0,0.0,0.0,9.0,0.0,0.0,,smithpa04,2024,pavin smith,,,,,,,,
Zac Gallen,29,ARI,NL,1.1,13,15,0.464,4.83,33,33,0,0,0,0,192.0,176,109,103,31,66,1,175,4,0,2,813,89.0,4.5,1.26,8.3,1.5,3.1,8.2,2.65,,galleza01,2025,zac gallen,4.83,0.32,23.7,21.5,8.1,43.0,9.7,90.1
Merrill Kelly,36,ARI,NL,3.0,9,6,0.6,3.22,22,22,0,0,0,0,128.2,98,53,46,14,38,0,121,1,1,0,514,134.0,3.58,1.057,6.9,1.0,2.7,8.5,3.18,,kellyme01,2025,merrill kelly,3.52,0.316,24.1,22.3,6.4,43.5,9.2,90.2
Brandon Pfaadt,26,ARI,NL,0.6,13,9,0.591,5.25,33,33,0,0,0,0,176.2,198,107,103,26,37,2,147,12,0,3,767,82.0,4.22,1.33,10.1,1.3,1.9,7.5,3.97,,pfaadbr01,2025,brandon pfaadt,5.25,0.352,22.1,19.2,4.8,45.8,10.9,90.8
Eduardo Rodríguez*,32,ARI,NL,0.3,9,9,0.5,5.02,29,29,0,0,0,0,154.1,178,94,86,25,60,2,143,1,1,4,694,86.0,4.57,1.542,10.4,1.5,3.5,8.3,2.38,,rodried05,2025,eduardo rodríguez,,,,,,,,
Ryne Nelson,27,ARI,NL,3.5,7,3,0.7,3.39,33,23,4,0,0,1,154.0,124,62,58,17,41,0,132,4,0,1,619,127.0,3.73,1.071,7.2,1.0,2.4,7.7,3.22,,nelsory01,2025,ryne nelson,3.39,0.308,21.6,21.3,6.6,45.5,7.5,91.4
Corbin Burnes,30,ARI,NL,2.0,3,2,0.6,2.66,11,11,0,0,0,0,64.1,49,23,19,7,26,1,63,3,2,1,265,163.0,3.94,1.166,6.9,1.0,3.6,8.8,2.42,,burneco01,2025,corbin burnes,2.66,0.306,25.7,23.8,9.8,41.6,8.1,89.5
Jalen Beeks*,31,ARI,NL,0.9,5,3,0.625,3.77,61,2,10,0,0,1,57.1,42,26,24,6,20,2,47,2,0,1,231,115.0,4.01,1.081,6.6,0.9,3.1,7.4,2.35,,beeksja02,2025,jalen beeks,3.77,0.306,27.7,20.3,8.7,39.5,10.5,88.5
Shelby Miller,34,ARI,NL,1.6,3,3,0.5,1.98,37,0,21,0,0,10,36.1,24,11,8,3,11,3,40,3,0,0,143,219.0,3.16,0.963,5.9,0.7,2.7,9.9,3.64,,millesh01,2025,shelby miller,2.74,0.292,31.7,29.0,8.1,42.5,8.8,89.3
Ryan Thompson,33,ARI,NL,0.3,3,2,0.6,3.92,48,0,9,0,0,1,41.1,42,21,18,4,13,2,36,2,1,0,175,111.0,3.74,1.331,9.1,0.9,2.8,7.8,2.77,,thompry02,2025,ryan thompson,3.92,0.296,25.3,20.6,7.4,40.3,8.1,89.9
Anthony DeSclafani,35,ARI,NL,-0.1,1,2,0.333,5.12,13,4,5,0,0,2,38.2,37,23,22,11,12,2,36,5,0,0,169,85.0,6.29,1.267,8.6,2.6,2.8,8.4,3.0,,desclan01,2025,anthony desclafani,5.12,0.316,25.9,21.3,7.1,43.1,8.6,89.9
John Curtiss,32,ARI,NL,0.4,3,2,0.6,3.93,30,0,12,0,0,1,36.2,29,18,16,5,5,0,24,0,0,0,141,111.0,4.01,0.927,7.1,1.2,1.2,5.9,4.8,,curtijo02,2025,john curtiss,3.93,0.32,20.4,17.0,3.5,42.9,8.9,90.0
Jake Woodford,28,ARI,NL,-0.8,0,4,0.0,6.44,22,0,8,0,0,3,36.1,45,28,26,3,13,1,23,3,0,1,170,68.0,4.26,1.596,11.1,0.7,3.2,5.7,1.77,,woodfja01,2025,jake woodford,6.44,0.345,16.4,13.5,7.6,33.6,6.9,86.1
Juan Morillo,26,ARI,NL,0.2,0,3,0.0,4.19,42,0,6,0,0,1,34.1,38,19,16,2,20,0,36,1,0,3,152,104.0,3.63,1.689,10.0,0.5,5.2,9.4,1.8,,morilju02,2025,juan morillo,4.19,0.301,26.6,23.7,13.2,42.1,5.3,87.2
Nabil Crismatt,30,ARI,NL,0.2,3,0,1.0,3.71,8,5,1,0,0,0,34.0,40,20,14,6,9,0,25,1,0,1,153,117.0,4.84,1.441,10.6,1.6,2.4,6.6,2.78,,crismna01,2025,nabil crismatt,3.71,0.331,23.8,16.3,5.9,29.7,5.1,87.9
José Castillo*,29,ARI,NL,-0.3,0,1,0.0,11.37,5,0,2,0,0,0,6.1,10,8,8,3,3,0,3,0,3,0,31,40.0,9.77,2.053,14.2,4.3,4.3,4.3,1.0,,castijo03,2025,josé castillo,3.94,0.315,22.6,20.1,9.4,42.6,5.9,89.7
Andrew Saalfrank*,27,ARI,NL,1.6,2,1,0.667,1.24,28,0,10,0,0,3,29.0,19,5,4,1,10,1,19,0,0,2,113,351.0,3.31,1.0,5.9,0.3,3.1,5.9,1.9,,saalfan01,2025,andrew saalfrank,1.24,0.312,27.9,16.8,8.8,40.5,7.1,88.9
Tayler Scott,33,ARI,NL,-0.4,0,0,,9.0,6,0,3,0,0,0,9.0,13,9,9,3,4,0,7,0,0,0,44,50.0,7.25,1.889,13.0,3.0,4.0,7.0,1.75,,scottta02,2025,tayler scott,7.9,0.382,27.7,17.9,13.4,44.0,11.0,89.0
Kevin Ginkel,31,ARI,NL,-0.8,1,4,0.2,7.36,29,0,9,0,0,3,25.2,29,22,21,2,13,0,29,2,0,1,121,59.0,3.64,1.636,10.2,0.7,4.6,10.2,2.23,,ginkeke01,2025,kevin ginkel,7.36,0.33,28.1,24.0,10.7,45.5,10.4,89.7
Kyle Backhus*,27,ARI,NL,-0.1,0,3,0.0,4.62,32,0,10,0,0,2,25.1,28,14,13,3,8,0,22,3,0,1,115,95.0,4.24,1.421,9.9,1.1,2.8,7.8,2.75,,backhky01,2025,kyle backhus,4.62,0.328,21.8,19.1,7.0,35.4,4.9,89.1
Bryce Jarvis,27,ARI,NL,0.0,0,0,,5.73,12,0,7,0,0,1,22.0,23,14,14,3,10,0,21,1,0,0,98,76.0,4.5,1.5,9.4,1.2,4.1,8.6,2.1,,jarvibr01,2025,bryce jarvis,5.73,0.314,20.9,21.4,10.2,43.9,7.6,91.1
Kendall Graveman,34,ARI,NL,-0.4,1,0,1.0,7.13,19,0,4,0,0,0,17.2,23,14,14,2,12,0,9,1,0,0,82,62.0,5.8,1.981,11.7,1.0,6.1,4.6,0.75,,graveke01,2025,kendall graveman,7.13,0.395,28.1,11.0,14.6,50.0,10.0,90.3
Taylor Rashi,29,ARI,NL,0.2,0,1,0.0,4.41,10,0,5,0,0,2,16.1,16,8,8,0,8,0,22,0,0,1,72,100.0,1.91,1.469,8.8,0.0,4.4,12.1,2.75,,rashita01,2025,taylor rashi,4.41,0.301,29.3,30.6,11.1,42.9,4.8,89.3
Scott McGough,35,ARI,NL,-0.1,0,0,,6.43,7,0,2,0,0,0,7.0,6,5,5,1,6,0,5,1,0,0,35,70.0,6.56,1.714,7.7,1.3,7.7,6.4,0.83,,mcgousc01,2025,scott mcgough,6.75,0.377,30.8,21.3,9.3,47.1,17.6,91.4
Justin Martínez,23,ARI,NL,0.2,1,2,0.333,4.11,17,0,9,0,0,5,15.1,7,8,7,1,12,1,22,3,0,2,67,107.0,4.05,1.239,4.1,0.6,7.0,12.9,1.83,,martiju01,2025,justin martínez,,,,,,,,
Brandyn Garcia*,25,ARI,NL,-0.1,0,2,0.0,5.84,12,0,1,0,0,0,12.1,14,10,8,0,5,0,13,1,0,0,55,76.0,2.49,1.541,10.2,0.0,3.6,9.5,2.6,,garcibr02,2025,brandyn garcia,5.65,0.317,22.1,21.2,12.1,51.2,2.3,90.9
Juan Burgos,25,ARI,NL,-0.5,1,1,0.5,8.1,9,0,0,0,0,0,6.2,10,7,6,2,6,1,6,0,0,0,35,56.0,7.94,2.4,13.5,2.7,8.1,8.1,1.0,,burgoju01,2025,juan burgos,6.08,0.364,26.9,21.5,12.3,35.7,14.3,88.1
Andrew Hoffmann,25,ARI,NL,-0.3,1,1,0.5,7.36,8,0,2,0,0,0,7.1,7,6,6,1,6,0,7,0,0,0,35,61.0,5.45,1.773,8.6,1.2,7.4,8.6,1.17,,hoffman01,2025,andrew hoffmann,6.0,0.374,31.3,19.7,16.4,35.9,7.7,88.7
Joe Mantiply*,34,ARI,NL,-0.8,0,1,0.0,15.83,10,0,4,0,0,0,9.2,26,17,17,5,3,1,8,1,0,0,58,28.0,9.45,3.0,24.2,4.7,2.8,7.4,2.67,,mantijo01,2025,joe mantiply,15.83,0.36,20.9,13.8,5.2,34.8,10.9,89.4
A.J. Puk*,30,ARI,NL,0.2,0,0,,3.38,8,0,5,0,0,4,8.0,8,3,3,2,2,0,12,1,0,1,35,133.0,4.51,1.25,9.0,2.3,2.3,13.5,6.0,,pukaj01,2025,a.j. puk,3.38,0.265,32.5,34.3,5.7,25.0,5.0,86.7
Tommy Henry*,27,ARI,NL,0.1,0,0,,4.05,2,0,1,0,0,0,6.2,6,3,3,3,1,0,8,1,0,0,26,112.0,7.49,1.05,8.1,4.1,1.4,10.8,8.0,,henryto01,2025,tommy henry,4.05,0.419,28.8,30.8,3.8,62.5,25.0,94.8
Cristian Mena,22,ARI,NL,0.4,1,0,1.0,1.35,3,0,0,0,0,0,6.2,3,1,1,1,3,0,8,0,0,1,26,336.0,4.04,0.9,4.1,1.4,4.1,10.8,2.67,,menacr01,2025,cristian mena,1.35,0.274,30.4,30.8,11.5,46.7,6.7,86.8
Trevor Richards,32,ARI,NL,0.0,0,0,,3.38,2,0,1,0,0,0,2.2,4,1,1,0,0,0,3,0,0,1,11,145.0,0.89,1.5,13.5,0.0,0.0,10.1,,,richatr01,2025,trevor richards,7.94,0.291,20.7,17.2,6.9,22.7,0.0,85.1
J.P. Feyereisen,32,ARI,NL,-0.2,0,1,0.0,9.0,2,0,2,0,0,0,2.0,3,3,2,1,0,0,2,0,0,0,9,56.0,7.64,1.5,13.5,4.5,0.0,9.0,,,feyerjo01,2025,j.p. feyereisen,11.25,0.411,20.0,17.4,4.3,33.3,16.7,87.7
Philip Abner*,23,ARI,NL,0.0,0,0,,4.91,5,0,0,0,0,0,3.2,5,2,2,0,3,0,5,0,0,0,18,96.0,2.86,2.182,12.3,0.0,7.4,12.3,1.67,,abnerph01,2025,philip abner,4.91,0.311,24.2,27.8,16.7,20.0,10.0,85.9
Jeff Brigham,33,ARI,NL,-0.1,0,0,,8.1,4,0,1,0,0,0,3.1,7,3,3,1,1,0,3,0,0,0,18,59.0,6.14,2.4,18.9,2.7,2.7,8.1,3.0,,brighje01,2025,jeff brigham,8.1,0.476,12.5,16.7,5.6,57.1,7.1,91.6
Yilber Díaz,24,ARI,NL,-0.1,0,0,,9.0,1,0,1,0,0,0,3.0,4,3,3,0,3,0,1,0,0,1,15,54.0,5.47,2.333,12.0,0.0,9.0,3.0,0.33,,diazyi01,2025,yilber díaz,9.0,0.499,8.7,6.7,20.0,63.6,9.1,98.1
Drey Jameson,27,ARI,NL,0.2,0,1,0.0,3.0,3,0,2,0,0,1,3.0,4,2,1,0,3,0,0,0,0,1,13,161.0,6.14,2.333,12.0,0.0,9.0,0.0,0.0,,jamesdr01,2025,drey jameson,3.0,0.47,20.0,0.0,23.1,40.0,0.0,89.7
Christian Montes De Oca,25,ARI,NL,0.1,0,0,,0.0,1,0,0,0,0,0,2.2,0,0,0,0,1,0,2,0,0,0,9,,2.76,0.375,0.0,0.0,3.4,6.8,2.0,,montech01,2025,christian montes de oca,,,,,,,,
José Herrera,28,ARI,NL,0.0,0,0,,4.5,2,0,2,0,0,0,2.0,4,1,1,0,0,0,0,0,0,0,10,113.0,3.14,2.0,18.0,0.0,0.0,0.0,,,herrejo04,2025,josé herrera,,,,,,,,
Kyle Nelson*,28,ARI,NL,-0.1,0,0,,9.0,3,0,1,0,0,1,2.0,1,2,2,1,4,0,2,0,0,1,11,56.0,13.64,2.5,4.5,4.5,18.0,9.0,0.5,,nelsoky01,2025,kyle nelson,9.0,0.394,26.7,18.2,36.4,20.0,20.0,86.7
Austin Pope,26,ARI,NL,0.1,0,0,,0.0,1,0,0,0,0,0,2.0,2,0,0,0,1,0,1,0,0,0,9,,3.64,1.5,9.0,0.0,4.5,4.5,1.0,,popeau01,2025,austin pope,0.0,0.382,12.5,11.1,11.1,42.9,0.0,92.9
Casey Kelly,35,ARI,NL,0.1,0,0,,0.0,2,0,2,0,0,0,1.2,1,0,0,0,1,0,0,0,0,1,6,,4.94,1.2,5.4,0.0,5.4,0.0,0.0,,kellyca01,2025,casey kelly,0.0,0.305,20.0,0.0,16.7,40.0,0.0,89.4
